Provinsi,Kabupaten/Kota,Kecamatan,Harga per Kg
Aceh,Aceh Barat,Arongan Lambalek,10000
Aceh,Aceh Barat,Bubon,10000
Aceh,Aceh Barat,Johan Pahlawan,10000
Aceh,Aceh Barat,Kaway Xvi,10000
Aceh,Aceh Barat,Meureubo,10000
Aceh,Aceh Barat,Pantai Ceuremen,10000
Aceh,Aceh Barat,Panton Reu,10000
Aceh,Aceh Barat,Samatiga,10000
Aceh,Aceh Barat,Sungai Mas,10000
Aceh,Aceh Barat,Woyla,10000
Aceh,Aceh Barat,Woyla Barat,10000
Aceh,Aceh Barat,Woyla Timur,10000
Aceh,Aceh Barat Daya,Babah Rot,10000
Aceh,Aceh Barat Daya,Blang Pidie,10000
Aceh,Aceh Barat Daya,Jeumpa-Blp,10000
Aceh,Aceh Barat Daya,Kuala Batee,10000
Aceh,Aceh Barat Daya,Lembah Sabil,10000
Aceh,Aceh Barat Daya,Manggeng,10000
Aceh,Aceh Barat Daya,Setia,10000
Aceh,Aceh Barat Daya,Susoh,10000
Aceh,Aceh Barat Daya,Tangan-Tangan,10000
Aceh,Aceh Besar,Baitussalam,10000
Aceh,Aceh Besar,Blang Bintang,10000
Aceh,Aceh Besar,Darul Imarah,10000
Aceh,Aceh Besar,Darul Kamal,10000
Aceh,Aceh Besar,Darussalam,10000
Aceh,Aceh Besar,Indrapuri,10000
Aceh,Aceh Besar,Ingin Jaya,10000
Aceh,Aceh Besar,Jantho,10000
Aceh,Aceh Besar,Krueng Barona Jaya,10000
Aceh,Aceh Besar,Kuta Baro,10000
Aceh,Aceh Besar,Kuta Cot Glie,10000
Aceh,Aceh Besar,Kuta Malaka,10000
Aceh,Aceh Besar,Lembah Seulawah,10000
Aceh,Aceh Besar,Leupung,10000
Aceh,Aceh Besar,Lho Nga,10000
Aceh,Aceh Besar,Lhoong,10000
Aceh,Aceh Besar,Mesjid Raya,10000
Aceh,Aceh Besar,Montasik,10000
Aceh,Aceh Besar,Peukan Bada ,10000
Aceh,Aceh Besar,Pulo Aceh,10000
Aceh,Aceh Besar,Seulimum,10000
Aceh,Aceh Besar,Simpang Tiga-Jto,10000
Aceh,Aceh Besar,Suka Makmur,10000
Aceh,Aceh Jaya,Darul Hikmah,10000
Aceh,Aceh Jaya,Indra Jaya,10000
Aceh,Aceh Jaya,Jaya,10000
Aceh,Aceh Jaya,Keude Panga,10000
Aceh,Aceh Jaya,Krueng Sabee,10000
Aceh,Aceh Jaya,Pasie Raya,10000
Aceh,Aceh Jaya,Sampoiniet,10000
Aceh,Aceh Jaya,Setia Bakti,10000
Aceh,Aceh Jaya,Teunom,10000
Aceh,Aceh Selatan,Bakongan,10000
Aceh,Aceh Selatan,Bakongan Timur,10000
Aceh,Aceh Selatan,Kluet Selatan,10000
Aceh,Aceh Selatan,Kluet Tengah,10000
Aceh,Aceh Selatan,Kluet Timur,10000
Aceh,Aceh Selatan,Kluet Utara,10000
Aceh,Aceh Selatan,Kota Bahagia,10000
Aceh,Aceh Selatan,Labuhan Haji Barat,10000
Aceh,Aceh Selatan,Labuhan Haji Timur,10000
Aceh,Aceh Selatan,Labuhan Haji-Tpk,10000
Aceh,Aceh Selatan,Meukek,10000
Aceh,Aceh Selatan,Pasie Raja,10000
Aceh,Aceh Selatan,Sama Dua,10000
Aceh,Aceh Selatan,Sawang-Tpk,10000
Aceh,Aceh Selatan,Tapak Tuan,10000
Aceh,Aceh Selatan,Trumon,10000
Aceh,Aceh Selatan,Trumon Tengah,10000
Aceh,Aceh Selatan,Trumon Timur,10000
Aceh,Aceh Singkil,Danau Paris,10000
Aceh,Aceh Singkil,Gunung Meriah-Snk,10000
Aceh,Aceh Singkil,Kota Baharu,10000
Aceh,Aceh Singkil,Kuala Baru,10000
Aceh,Aceh Singkil,Pulau Banyak,10000
Aceh,Aceh Singkil,Pulau Banyak Barat,10000
Aceh,Aceh Singkil,Simpang Kanan-Snk,10000
Aceh,Aceh Singkil,Singkil Utara,10000
Aceh,Aceh Singkil,Singkil-Snk,10000
Aceh,Aceh Singkil,Singkohor,10000
Aceh,Aceh Singkil,Suro Makmur,10000
Aceh,Aceh Tamiang,Banda Mulia,10000
Aceh,Aceh Tamiang,Bandar Pusaka,10000
Aceh,Aceh Tamiang,Bendahara,10000
Aceh,Aceh Tamiang,Karang Baru,10000
Aceh,Aceh Tamiang,Kejuruan Muda,10000
Aceh,Aceh Tamiang,Kuala Simpang,10000
Aceh,Aceh Tamiang,Manyak Payed,10000
Aceh,Aceh Tamiang,Rantau,10000
Aceh,Aceh Tamiang,Sekerak,10000
Aceh,Aceh Tamiang,Seruway,10000
Aceh,Aceh Tamiang,Tamiang Hulu,10000
Aceh,Aceh Tamiang,Tenggulum,10000
Aceh,Aceh Tengah,Atu Lintang,10000
Aceh,Aceh Tengah,Bebesen,10000
Aceh,Aceh Tengah,Bies,10000
Aceh,Aceh Tengah,Bintang,10000
Aceh,Aceh Tengah,Celala,10000
Aceh,Aceh Tengah,Jagong Jeget,10000
Aceh,Aceh Tengah,Kebanyakan ,10000
Aceh,Aceh Tengah,Ketol,10000
Aceh,Aceh Tengah,Kute Panang,10000
Aceh,Aceh Tengah,Laut Tawar,10000
Aceh,Aceh Tengah,Linge,10000
Aceh,Aceh Tengah,Pegasing,10000
Aceh,Aceh Tengah,Rusip Antara,10000
Aceh,Aceh Tengah,Silih Nara,10000
Aceh,Aceh Tenggara,Babul Makmur,10000
Aceh,Aceh Tenggara,Babul Rahmah,10000
Aceh,Aceh Tenggara,Babussalam,10000
Aceh,Aceh Tenggara,Badar,10000
Aceh,Aceh Tenggara,Bambel,10000
Aceh,Aceh Tenggara,Bukit Tusam,10000
Aceh,Aceh Tenggara,Darul Hasanah,10000
Aceh,Aceh Tenggara,Deleng Pokhisen,10000
Aceh,Aceh Tenggara,Ketambe,10000
Aceh,Aceh Tenggara,Lawe Alas,10000
Aceh,Aceh Tenggara,Lawe Sigala-Gala,10000
Aceh,Aceh Tenggara,Lawe Sumur,10000
Aceh,Aceh Tenggara,Leuser,10000
Aceh,Aceh Tenggara,Lowe Bulen,10000
Aceh,Aceh Tenggara,Semadam,10000
Aceh,Aceh Tenggara,Tanah Alas,10000
Aceh,Aceh Timur,Banda Alam,10000
Aceh,Aceh Timur,Birem Bayeun,10000
Aceh,Aceh Timur,Darul Aman,10000
Aceh,Aceh Timur,Darul Falah,10000
Aceh,Aceh Timur,Darul Ihsan,10000
Aceh,Aceh Timur,Idi Rayeuk,10000
Aceh,Aceh Timur,Idi Timur,10000
Aceh,Aceh Timur,Idi Tunong,10000
Aceh,Aceh Timur,Indra Makmur,10000
Aceh,Aceh Timur,Julok,10000
Aceh,Aceh Timur,Madat,10000
Aceh,Aceh Timur,Nurussalam,10000
Aceh,Aceh Timur,Pante Bidari ,10000
Aceh,Aceh Timur,Peidawa,10000
Aceh,Aceh Timur,Peunaron,10000
Aceh,Aceh Timur,Peureulak,10000
Aceh,Aceh Timur,Peureulak Barat,10000
Aceh,Aceh Timur,Pereulak Timur,10000
Aceh,Aceh Timur,Rantau Selamat,10000
Aceh,Aceh Timur,Ranto Peureulak,10000
Aceh,Aceh Timur,Serba Jadi-Idr,10000
Aceh,Aceh Timur,Simpang Jernih,10000
Aceh,Aceh Timur,Simpang Ulim,10000
Aceh,Aceh Timur,Sungai Raya-Idr,10000
Aceh,Aceh Utara,Baktiya,10000
Aceh,Aceh Utara,Baktiya Barat,10000
Aceh,Aceh Utara,Banda Baru,10000
Aceh,Aceh Utara,Cot Girek,10000
Aceh,Aceh Utara,Dewantara,10000
Aceh,Aceh Utara,Geuredong Pase,10000
Aceh,Aceh Utara,Kuta Makmur,10000
Aceh,Aceh Utara,Langkahan ,10000
Aceh,Aceh Utara,Lapang,10000
Aceh,Aceh Utara,Lhoksukon,10000
Aceh,Aceh Utara,Matangkuli,10000
Aceh,Aceh Utara,Meurah Mulia ,10000
Aceh,Aceh Utara,Muara Batu,10000
Aceh,Aceh Utara,Nibong,10000
Aceh,Aceh Utara,Nisam,10000
Aceh,Aceh Utara,Nisam Antara,10000
Aceh,Aceh Utara,Paya Bakong,10000
Aceh,Aceh Utara,Pirak timur,10000
Aceh,Aceh Utara,Samudera,10000
Aceh,Aceh Utara,Sawang-Lsn,10000
Aceh,Aceh Utara,Seunuddon,10000
Aceh,Aceh Utara,Simpang Kramat,10000
Aceh,Aceh Utara,Syamtalira Aron,10000
Aceh,Aceh Utara,Syamtalira Bayu,10000
Aceh,Aceh Utara,Tanah Jambo Aye,10000
Aceh,Aceh Utara,Tanah Luas,10000
Aceh,Aceh Utara,Tanah Pasir,10000
Aceh,Bener Meriah,Bener Kelipah,10000
Aceh,Bener Meriah,Bukit ,10000
Aceh,Bener Meriah,Gajah Putih,10000
Aceh,Bener Meriah,Mesidah,10000
Aceh,Bener Meriah,Permata ,10000
Aceh,Bener Meriah,Pintu Rime Gayo,10000
Aceh,Bener Meriah,Syiah Utama,10000
Aceh,Bener Meriah,Timang Gajah,10000
Aceh,Bener Meriah,Wih Pesam,10000
Aceh,Bireuen,Ganda Pura,10000
Aceh,Bireuen,Jangka,10000
Aceh,Bireuen,Jeumpa-Brw,10000
Aceh,Bireuen,Jeunieb,10000
Aceh,Bireuen,Juli,10000
Aceh,Bireuen,Kota Juang,10000
Aceh,Bireuen,Kuala-Brw,10000
Aceh,Bireuen,Kuta Blang,10000
Aceh,Bireuen,Makmur,10000
Aceh,Bireuen,Pandrah,10000
Aceh,Bireuen,Peudada,10000
Aceh,Bireuen,Peusangan,10000
Aceh,Bireuen,Peusangan Selatan,10000
Aceh,Bireuen,Peusangan Siblah Krueng,10000
Aceh,Bireuen,Plimbang,10000
Aceh,Bireuen,Samalanga,10000
Aceh,Bireuen,Simpang Mamplam,10000
Aceh,Gayo Lues,Blang Jerango,10000
Aceh,Gayo Lues,Blang Kejeren,10000
Aceh,Gayo Lues,Blang Pegayon,10000
Aceh,Gayo Lues,Dabun Gelang,10000
Aceh,Gayo Lues,Kuta Panjang,10000
Aceh,Gayo Lues,Pantan Cuaca,10000
Aceh,Gayo Lues,Pining,10000
Aceh,Gayo Lues,Putri Betung,10000
Aceh,Gayo Lues,Rikit Gaib,10000
Aceh,Gayo Lues,Terangun,10000
Aceh,Gayo Lues,Teripe Jaya,10000
Aceh,Nagan Raya,Beutong,10000
Aceh,Nagan Raya,Beutong Ateuh Banggalang,10000
Aceh,Nagan Raya,Darul Makmur,10000
Aceh,Nagan Raya,Kuala Pesisir,10000
Aceh,Nagan Raya,Kuala-Sbs,10000
Aceh,Nagan Raya,Seunagan,10000
Aceh,Nagan Raya,Seunagan Timur,10000
Aceh,Nagan Raya,Suka Makmue,10000
Aceh,Nagan Raya,Tadu Raya,10000
Aceh,Nagan Raya,Tripa Makmur,10000
Aceh,Pidie,Batee,10000
Aceh,Pidie,Delima,10000
Aceh,Pidie,Geumpang,10000
Aceh,Pidie,Glumpang Baro,10000
Aceh,Pidie,Glumpang Tiga,10000
Aceh,Pidie,Grong Grong,10000
Aceh,Pidie,Indra Jaya,10000
Aceh,Pidie,Kembang Tanjong,10000
Aceh,Pidie,Keumala,10000
Aceh,Pidie,Mana,10000
Aceh,Pidie,Mila,10000
Aceh,Pidie,Muara Tiga,10000
Aceh,Pidie,Mutiara,10000
Aceh,Pidie,Mutiara Timur,10000
Aceh,Pidie,Padang Tiji,10000
Aceh,Pidie,Peukan Baro,10000
Aceh,Pidie,Pidie,10000
Aceh,Pidie,Sakti,10000
Aceh,Pidie,Sigli,10000
Aceh,Pidie,Simpang Tiga-Sgl,10000
Aceh,Pidie,Tangse,10000
Aceh,Pidie,Tiro,10000
Aceh,Pidie,Titue,10000
Aceh,Pidie Jaya,Bandar,10000
Aceh,Pidie Jaya,Bandar Baru,10000
Aceh,Pidie Jaya,Bandar Dua,10000
Aceh,Pidie Jaya,Jangka Buya,10000
Aceh,Pidie Jaya,Meurah Dua,10000
Aceh,Pidie Jaya,Meureudu,10000
Aceh,Pidie Jaya,Pante Raja,10000
Aceh,Pidie Jaya,Trienggadeng,10000
Aceh,Pidie Jaya,Ulim,10000
Aceh,Simeulue,Alapan,15000
Aceh,Simeulue,Salang,15000
Aceh,Simeulue,Simeulue Barat,15000
Aceh,Simeulue,Simeulue Cut,15000
Aceh,Simeulue,Simeulue Tengah,15000
Aceh,Simeulue,Simeulue Timur,15000
Aceh,Simeulue,Teluk Dalam-Snb,15000
Aceh,Simeulue,Teupah Barat,15000
Aceh,Simeulue,Teupah Selatan,15000
Aceh,Simeulue,Teupah Tengah,15000
Aceh,Banda Aceh,Baiturrahman,10000
Aceh,Banda Aceh,Banda Raya,10000
Aceh,Banda Aceh,Jaya Baru,10000
Aceh,Banda Aceh,Kuta Alam,10000
Aceh,Banda Aceh,Kuta Raja,10000
Aceh,Banda Aceh,Lueng Bata,10000
Aceh,Banda Aceh,Meuraksa,10000
Aceh,Banda Aceh,Syiah Kuala,10000
Aceh,Banda Aceh,Ulee Kareng,10000
Aceh,Kota Langsa,Langsa Barat,10000
Aceh,Kota Langsa,Langsa Baro,10000
Aceh,Kota Langsa,Langsa Kota,10000
Aceh,Kota Langsa,Langsa Lama ,10000
Aceh,Kota Langsa,Langsa Timur,10000
Aceh,Kota Lhokseumawe,Banda Sakti,10000
Aceh,Kota Lhokseumawe,Blang Mangat,10000
Aceh,Kota Lhokseumawe,Muara Dua,10000
Aceh,Kota Lhokseumawe,Muara Satu,10000
Aceh,Kota Sabang,Sukajaya-Sab,15000
Aceh,Kota Sabang,Sukakarya-Sab,15000
Aceh,Subulussalam,Longkip,10000
Aceh,Subulussalam,Penanggalan,10000
Aceh,Subulussalam,Rudeng,10000
Aceh,Subulussalam,Simpang Kiri,10000
Aceh,Subulussalam,Sultan Daulat,10000
Bali,Kab Badung,Abiansemal,6000
Bali,Kab Badung,Kuta,6000
Bali,Kab Badung,Kuta Selatan,6000
Bali,Kab Badung,Kuta Utara,6000
Bali,Kab Badung,Mengwi,6000
Bali,Kab Badung,Petang,6000
Bali,Bangli,Bangli,6000
Bali,Bangli,Kintamani,6000
Bali,Bangli,Susut,6000
Bali,Bangli,Tembuku,6000
Bali,Kab Buleleng,Banjar-Sga,6000
Bali,Kab Buleleng,Buleleng,6000
Bali,Kab Buleleng,Busung Biu,6000
Bali,Kab Buleleng,Gerokgak,6000
Bali,Kab Buleleng,Kubutambahan,6000
Bali,Kab Buleleng,Sawan,6000
Bali,Kab Buleleng,Seririt,6000
Bali,Kab Buleleng,Sukasada,6000
Bali,Kab Buleleng,Tejakula,6000
Bali,Kab Gianyar,Belah Batuh,6000
Bali,Kab Gianyar,Gianyar,6000
Bali,Kab Gianyar,Payangan,6000
Bali,Kab Gianyar,Sukawati,6000
Bali,Kab Gianyar,Tampak Siring,6000
Bali,Kab Gianyar,Tegallalang,6000
Bali,Kab Gianyar,Ubud,6000
Bali,Jembrana,Jembrana,6000
Bali,Jembrana,Melaya,6000
Bali,Jembrana,Mendoyo,6000
Bali,Jembrana,Negara,6000
Bali,Jembrana,Pekutatan,6000
Bali,Karangasem,Abang,6000
Bali,Karangasem,Bebandem,6000
Bali,Karangasem,Karang Asem,6000
Bali,Karangasem,Kubu-Apu,6000
Bali,Karangasem,Manggis,6000
Bali,Karangasem,Rendang,6000
Bali,Karangasem,Selat-Apu,6000
Bali,Karangasem,Sidemen,6000
Bali,Kab Klungkung,Banjarangkan,6000
Bali,Kab Klungkung,Dawan,6000
Bali,Kab Klungkung,Klungkung,6000
Bali,Kab Klungkung,Nusa Penida,6000
Bali,Tabanan,Baturiti,6000
Bali,Tabanan,Kediri-Tnw,6000
Bali,Tabanan,Kerambitan,6000
Bali,Tabanan,Marga,6000
Bali,Tabanan,Penebel,6000
Bali,Tabanan,Pupuan,6000
Bali,Tabanan,Selemadeg,6000
Bali,Tabanan,Selemadeg Barat,6000
Bali,Tabanan,Selemadeg Timur,6000
Bali,Tabanan,Tabanan,6000
Bali,Denpasar,Denpasar Barat,5000
Bali,Denpasar,Denpasar Selatan,5000
Bali,Denpasar,Denpasar Timur,5000
Bali,Denpasar,Denpasar Utara,5000
Banten,Kab Lebak,Banjarsari-Rks,3500
Banten,Kab Lebak,Bayah,3500
Banten,Kab Lebak,Bojongmanik,3500
Banten,Kab Lebak,Cibadak-Rks,3500
Banten,Kab Lebak,Cibeber-Rks,3500
Banten,Kab Lebak,Cigemblong,3500
Banten,Kab Lebak,Cihara,3500
Banten,Kab Lebak,Cijaku,3500
Banten,Kab Lebak,Cikulur,3500
Banten,Kab Lebak,Cileles,3500
Banten,Kab Lebak,Cilograng,3500
Banten,Kab Lebak,Cimarga,3500
Banten,Kab Lebak,Cipanas-Rks,3500
Banten,Kab Lebak,Cirinten,3500
Banten,Kab Lebak,Curugbitung,3500
Banten,Kab Lebak,Gunung Kencana,3500
Banten,Kab Lebak,Kalang Anyar,3500
Banten,Kab Lebak,Lebak Gedong,3500
Banten,Kab Lebak,Leuwi Damar,3500
Banten,Kab Lebak,Maja-Rks,3500
Banten,Kab Lebak,Malingping,3500
Banten,Kab Lebak,Muncang,3500
Banten,Kab Lebak,Panggarangan,3500
Banten,Kab Lebak,Rangkas Bitung,3500
Banten,Kab Lebak,Sajira,3500
Banten,Kab Lebak,Sobang-Rks,3500
Banten,Kab Lebak,Wanasalam,3500
Banten,Kab Lebak,Warung Gunung,3500
Banten,Kab Pandeglang,Angsana-Pgl,3500
Banten,Kab Pandeglang,Banjar-Pgl,3500
Banten,Kab Pandeglang,Bojong-Pgl,3500
Banten,Kab Pandeglang,Cadasari,3500
Banten,Kab Pandeglang,Carita,3500
Banten,Kab Pandeglang,Cibaliung,3500
Banten,Kab Pandeglang,Cibitung-Pgl,3500
Banten,Kab Pandeglang,Cigeulis,3500
Banten,Kab Pandeglang,Cikedal,3500
Banten,Kab Pandeglang,Cikeusik,3500
Banten,Kab Pandeglang,Cimanggu-Pgl,3500
Banten,Kab Pandeglang,Cimanuk,3500
Banten,Kab Pandeglang,Cipeucang,3500
Banten,Kab Pandeglang,Cisata,3500
Banten,Kab Pandeglang,Jiput,3500
Banten,Kab Pandeglang,Kadu Hejo,3500
Banten,Kab Pandeglang,Karang Tanjung,3500
Banten,Kab Pandeglang,Koroncong,3500
Banten,Kab Pandeglang,Labuan-Pgl,3500
Banten,Kab Pandeglang,Majasari,3500
Banten,Kab Pandeglang,Mandala Wangi,3500
Banten,Kab Pandeglang,Mekarjaya,3500
Banten,Kab Pandeglang,Menes,3500
Banten,Kab Pandeglang,Munjul,3500
Banten,Kab Pandeglang,Pagelaran-Pgl,3500
Banten,Kab Pandeglang,Pandeglang,3500
Banten,Kab Pandeglang,Panimbang,3500
Banten,Kab Pandeglang,Patia,3500
Banten,Kab Pandeglang,Picung,3500
Banten,Kab Pandeglang,Pulosari-Pgl,3500
Banten,Kab Pandeglang,Saketi,3500
Banten,Kab Pandeglang,Sindang Resmi,3500
Banten,Kab Pandeglang,Sobang-Pgl,3500
Banten,Kab Pandeglang,Sukaresmi-Pgl,3500
Banten,Kab Pandeglang,Sumur,3500
Banten,Kab Serang,Anyar,3600
Banten,Kab Serang,Bandulu,3600
Banten,Kab Serang,Banjarsari,3600
Banten,Kab Serang,Bumihara,3600
Banten,Kab Serang,Cikoneng,3600
Banten,Kab Serang,Grogol Indah,3600
Banten,Kab Serang,Kosambironyok,3600
Banten,Kab Serang,Mekarsari,3600
Banten,Kab Serang,Sindang Mandi,3600
Banten,Kab Serang,Sindangkarya,3600
Banten,Kab Serang,Tambang Ayam,3600
Banten,Kab Serang,Tanjung Manis,3600
Banten,Kab Tangerang,Balaraja,3600
Banten,Kab Tangerang,Cikupa,3600
Banten,Kab Tangerang,Cisauk,3600
Banten,Kab Tangerang,Cisoka,3600
Banten,Kab Tangerang,Curug-Bal,3600
Banten,Kab Tangerang,Gunung Kaler,3600
Banten,Kab Tangerang,Jambe,3600
Banten,Kab Tangerang,Jayanti,3600
Banten,Kab Tangerang,Kelapa Dua,3600
Banten,Kab Tangerang,Kemiri-Bal,3600
Banten,Kab Tangerang,Kosambi,3600
Banten,Kab Tangerang,Kresek,3600
Banten,Kab Tangerang,Kronjo,3600
Banten,Kab Tangerang,Legok,3600
Banten,Kab Tangerang,Mauk ,3600
Banten,Kab Tangerang,Mekar Baru,3600
Banten,Kab Tangerang,Pagedangan,3600
Banten,Kab Tangerang,Pakuhaji,3600
Banten,Kab Tangerang,Panongan,3600
Banten,Kab Tangerang,Pasar Kemis,3600
Banten,Kab Tangerang,Rajeg,3600
Banten,Kab Tangerang,Sepatan,3600
Banten,Kab Tangerang,Sepatan Timur,3600
Banten,Kab Tangerang,Sindang Jaya,3600
Banten,Kab Tangerang,Solear,3600
Banten,Kab Tangerang,Suka Diri,3600
Banten,Kab Tangerang,Sukamulya,3600
Banten,Kab Tangerang,Teluk Naga,3600
Banten,Kab Tangerang,Tigaraksa,3600
Banten,Kota Cilegon,Cibeber-Cil,3600
Banten,Kota Cilegon,Cilegon,3600
Banten,Kota Cilegon,Citangkil,3600
Banten,Kota Cilegon,Ciwandan,3600
Banten,Kota Cilegon,Gerogol,3600
Banten,Kota Cilegon,Jombang-Cil,3600
Banten,Kota Cilegon,Pulo Merak,3600
Banten,Kota Cilegon,Purwakarta-Cil,3600
Banten,Kota Serang,Cipocok Jaya,3600
Banten,Kota Serang,Curug-Seg,3600
Banten,Kota Serang,Kasemen,3600
Banten,Kota Serang,Serang,3600
Banten,Kota Serang,Taktakan,3600
Banten,Kota Serang,Walantaka,3600
Banten,Kota Tangerang,Batu Ceper,3500
Banten,Kota Tangerang,Benda,3500
Banten,Kota Tangerang,Cibodas,3500
Banten,Kota Tangerang,Ciledug-Tgr,3500
Banten,Kota Tangerang,Cipondoh,3500
Banten,Kota Tangerang,Jatiuwung,3500
Banten,Kota Tangerang,Karang Tengah-Tgr,3500
Banten,Kota Tangerang,Karawaci,3500
Banten,Kota Tangerang,Larangan-Tgr,3500
Banten,Kota Tangerang,Neglasari,3500
Banten,Kota Tangerang,Periuk,3500
Banten,Kota Tangerang,Pinang,3500
Banten,Kota Tangerang,Tangerang,3500
Banten,Kota Tangerang Selatan,Ciputat,3600
Banten,Kota Tangerang Selatan,Ciputat Timur,3600
Banten,Kota Tangerang Selatan,Pamulang,3600
Banten,Kota Tangerang Selatan,Pondok Aren,3600
Banten,Kota Tangerang Selatan,Serpong,3600
Banten,Kota Tangerang Selatan,Serpong Utara,3600
Banten,Kota Tangerang Selatan,Setu-Cip,3600
Bengkulu,Kab Bengkulu Selatan,Air Nipis,8500
Bengkulu,Kab Bengkulu Selatan,Bunga Mass,8500
Bengkulu,Kab Bengkulu Selatan,Kedurang,8500
Bengkulu,Kab Bengkulu Selatan,Kedurang Ilir,8500
Bengkulu,Kab Bengkulu Selatan,Kota Manna,8500
Bengkulu,Kab Bengkulu Selatan,Manna,8500
Bengkulu,Kab Bengkulu Selatan,Pasar Manna,8500
Bengkulu,Kab Bengkulu Selatan,Pino,8500
Bengkulu,Kab Bengkulu Selatan,Pino Raya,8500
Bengkulu,Kab Bengkulu Selatan,Seginim,8500
Bengkulu,Kab Bengkulu Selatan,Ulu Manna,8500
Bengkulu,Kab Bengkulu Tengah,Bang Haji,8500
Bengkulu,Kab Bengkulu Tengah,Karang Tinggi,8500
Bengkulu,Kab Bengkulu Tengah,Merigi Kelindang,8500
Bengkulu,Kab Bengkulu Tengah,Merigi Sakti,8500
Bengkulu,Kab Bengkulu Tengah,Pagar Jati,8500
Bengkulu,Kab Bengkulu Tengah,Pematang Tiga,8500
Bengkulu,Kab Bengkulu Tengah,Pondok Kelapa,8500
Bengkulu,Kab Bengkulu Tengah,Pondok Kubang,8500
Bengkulu,Kab Bengkulu Tengah,Semidang Lagan,8500
Bengkulu,Kab Bengkulu Tengah,Taba Penanjung,8500
Bengkulu,Kab Bengkulu Tengah,Talang Empat,8500
Bengkulu,Kab Bengkulu Utara,Air Besi,8500
Bengkulu,Kab Bengkulu Utara,Air Napal,8500
Bengkulu,Kab Bengkulu Utara,Air Padang,8500
Bengkulu,Kab Bengkulu Utara,Arga Makmur,8500
Bengkulu,Kab Bengkulu Utara,Arma Jaya,8500
Bengkulu,Kab Bengkulu Utara,Batik Nau,8500
Bengkulu,Kab Bengkulu Utara,Enggano,8500
Bengkulu,Kab Bengkulu Utara,Giri Mulia,8500
Bengkulu,Kab Bengkulu Utara,Hulu Palik,8500
Bengkulu,Kab Bengkulu Utara,Kerkap,8500
Bengkulu,Kab Bengkulu Utara,Ketahun,8500
Bengkulu,Kab Bengkulu Utara,Lais-Arg,8500
Bengkulu,Kab Bengkulu Utara,Marga Sakti Sebelat,8500
Bengkulu,Kab Bengkulu Utara,Napal Putih,8500
Bengkulu,Kab Bengkulu Utara,Padang Jaya,8500
Bengkulu,Kab Bengkulu Utara,Pinang Raya,8500
Bengkulu,Kab Bengkulu Utara,Putri Hijau,8500
Bengkulu,Kab Bengkulu Utara,Tanjung Agung Palik,8500
Bengkulu,Kab Bengkulu Utara,Ulok Kupai,8500
Bengkulu,Kab Kaur,Kaur Selatan,8500
Bengkulu,Kab Kaur,Kaur Tengah,8500
Bengkulu,Kab Kaur,Kaur Utara,8500
Bengkulu,Kab Kaur,Kelam Tengah,8500
Bengkulu,Kab Kaur,Kinal,8500
Bengkulu,Kab Kaur,Luas,8500
Bengkulu,Kab Kaur,Lungkang Kule,8500
Bengkulu,Kab Kaur,Maje,8500
Bengkulu,Kab Kaur,Muara Sahung,8500
Bengkulu,Kab Kaur,Muara Tetap,8500
Bengkulu,Kab Kaur,Nasal,8500
Bengkulu,Kab Kaur,Padang Guci Hulu,8500
Bengkulu,Kab Kaur,Padang Guci Ilir,8500
Bengkulu,Kab Kaur,Semidang Gumai,8500
Bengkulu,Kab Kaur,Tanjung Kemuning,8500
Bengkulu,Kab Kepahiang,Bermani Ilir,8500
Bengkulu,Kab Kepahiang,Kabawetan,8500
Bengkulu,Kab Kepahiang,Kemumu,8500
Bengkulu,Kab Kepahiang,Kepahiang,8500
Bengkulu,Kab Kepahiang,Merigi,8500
Bengkulu,Kab Kepahiang,Seberang Musi,8500
Bengkulu,Kab Kepahiang,Tebat Karai,8500
Bengkulu,Kab Kepahiang,Ujan Mas-Kpa,8500
Bengkulu,Kab Lebong,Amen,8500
Bengkulu,Kab Lebong,Bingin Kuning,8500
Bengkulu,Kab Lebong,Lebong Atas,8500
Bengkulu,Kab Lebong,Lebong Sakti,8500
Bengkulu,Kab Lebong,Lebong Selatan,8500
Bengkulu,Kab Lebong,Lebong Tengah,8500
Bengkulu,Kab Lebong,Lebong Utara,8500
Bengkulu,Kab Lebong,Pelabai,8500
Bengkulu,Kab Lebong,Pinang Belapis,8500
Bengkulu,Kab Lebong,Rimbo Pengadang,8500
Bengkulu,Kab Lebong,Topos,8500
Bengkulu,Kab Lebong,Uram Jaya,8500
Bengkulu,Kab Muko Muko,Air Dikit,8500
Bengkulu,Kab Muko Muko,Air Majunto,8500
Bengkulu,Kab Muko Muko,Air Rami,8500
Bengkulu,Kab Muko Muko,Lubuk Pinang,8500
Bengkulu,Kab Muko Muko,Malin Deman,8500
Bengkulu,Kab Muko Muko,Muko Muko Selatan-Ipuh,8500
Bengkulu,Kab Muko Muko,Muko Muko Utara,8500
Bengkulu,Kab Muko Muko,Penarik ,8500
Bengkulu,Kab Muko Muko,Pondok Suguh,8500
Bengkulu,Kab Muko Muko,Selagan Raya,8500
Bengkulu,Kab Muko Muko,Sungai Rumbai-Muko,8500
Bengkulu,Kab Muko Muko,Teramang Jaya,8500
Bengkulu,Kab Muko Muko,Teras Terunjam,8500
Bengkulu,Kab Muko Muko,V Koto,8500
Bengkulu,Kab Muko Muko,Xiv Koto,8500
Bengkulu,Rejang Lebong,Bermani Ulu,8500
Bengkulu,Rejang Lebong,Bemani Ulu Raya,8500
Bengkulu,Rejang Lebong,Binduriang,8500
Bengkulu,Rejang Lebong,Curup,8500
Bengkulu,Rejang Lebong,Curup Selatan,8500
Bengkulu,Rejang Lebong,Curup Tengah,8500
Bengkulu,Rejang Lebong,Curup Timur,8500
Bengkulu,Rejang Lebong,Curup Utara,8500
Bengkulu,Rejang Lebong,Kota Padang,8500
Bengkulu,Rejang Lebong,Padang Ulak Tanding,8500
Bengkulu,Rejang Lebong,Selupu Rejang,8500
Bengkulu,Rejang Lebong,Sindang Beliti Ilir,8500
Bengkulu,Rejang Lebong,Sindang Beliti Ulu,8500
Bengkulu,Rejang Lebong,Sindang Daratan,8500
Bengkulu,Rejang Lebong,Sindang Kelingi,8500
Bengkulu,Kab Seluma,Air Periukan,8500
Bengkulu,Kab Seluma,Ilir Talo,8500
Bengkulu,Kab Seluma,Lubuk Sandi,8500
Bengkulu,Kab Seluma,Seluma,8500
Bengkulu,Kab Seluma,Seluma Barat,8500
Bengkulu,Kab Seluma,Seluma Selatan,8500
Bengkulu,Kab Seluma,Seluma Timur,8500
Bengkulu,Kab Seluma,Seluma Utara,8500
Bengkulu,Kab Seluma,Semidang Alas,8500
Bengkulu,Kab Seluma,Semidang Alas Maras,8500
Bengkulu,Kab Seluma,Sukaraja-Tas,8500
Bengkulu,Kab Seluma,Talo ,8500
Bengkulu,Kab Seluma,Talo Kecil,8500
Bengkulu,Kab Seluma,Ulu Talo,8500
Bengkulu,Kota Bengkulu,Gading Cempaka,7500
Bengkulu,Kota Bengkulu,Kampung Melayu,7500
Bengkulu,Kota Bengkulu,Muara Bangkahulu,7500
Bengkulu,Kota Bengkulu,Ratu Agung,7500
Bengkulu,Kota Bengkulu,Ratu Samban,7500
Bengkulu,Kota Bengkulu,Selebar,7500
Bengkulu,Kota Bengkulu,Singaran Pati,7500
Bengkulu,Kota Bengkulu,Sungai Serut,7500
Bengkulu,Kota Bengkulu,Teluk Segara,7500
Daerah Istimewa Yogyakarta,Bantul,BambangLipuro,2500
Daerah Istimewa Yogyakarta,Bantul,Banguntapan,2500
Daerah Istimewa Yogyakarta,Bantul,Bantul,2500
Daerah Istimewa Yogyakarta,Bantul,Dlingo,2500
Daerah Istimewa Yogyakarta,Bantul,Imogiri,2500
Daerah Istimewa Yogyakarta,Bantul,Jetis-Btl,2500
Daerah Istimewa Yogyakarta,Bantul,Kasihan,2500
Daerah Istimewa Yogyakarta,Bantul,Kretek,2500
Daerah Istimewa Yogyakarta,Bantul,Pajangan ,2500
Daerah Istimewa Yogyakarta,Bantul,Pandak,2500
Daerah Istimewa Yogyakarta,Bantul,Piyungan,2500
Daerah Istimewa Yogyakarta,Bantul,Pleret,2500
Daerah Istimewa Yogyakarta,Bantul,Pundong,2500
Daerah Istimewa Yogyakarta,Bantul,Sanden,2500
Daerah Istimewa Yogyakarta,Bantul,Sedayu,2500
Daerah Istimewa Yogyakarta,Bantul,Sewon,2500
Daerah Istimewa Yogyakarta,Bantul,Srandakan,2500
Daerah Istimewa Yogyakarta,GunungKidul,Gedangsari,2500
Daerah Istimewa Yogyakarta,GunungKidul,Girisubo,2500
Daerah Istimewa Yogyakarta,GunungKidul,Karangmojo,2500
Daerah Istimewa Yogyakarta,GunungKidul,Ngawen-Wno,2500
Daerah Istimewa Yogyakarta,GunungKidul,Nglipar,2500
Daerah Istimewa Yogyakarta,GunungKidul,Paliyan,2500
Daerah Istimewa Yogyakarta,GunungKidul,Panggang,2500
Daerah Istimewa Yogyakarta,GunungKidul,Patuk ,2500
Daerah Istimewa Yogyakarta,GunungKidul,Playen ,2500
Daerah Istimewa Yogyakarta,GunungKidul,Ponjong,2500
Daerah Istimewa Yogyakarta,GunungKidul,Purwosari-Wno,2500
Daerah Istimewa Yogyakarta,GunungKidul,Rongkop,2500
Daerah Istimewa Yogyakarta,GunungKidul,Saptosari,2500
Daerah Istimewa Yogyakarta,GunungKidul,Semanu,2500
Daerah Istimewa Yogyakarta,GunungKidul,Semin,2500
Daerah Istimewa Yogyakarta,GunungKidul,Tanjungsari-Wno,2500
Daerah Istimewa Yogyakarta,GunungKidul,Tepus,2500
Daerah Istimewa Yogyakarta,GunungKidul,Wonosari-Wno,2500
Daerah Istimewa Yogyakarta,Kulon Progo,Galur,2500
Daerah Istimewa Yogyakarta,Kulon Progo,Girimulyo,2500
Daerah Istimewa Yogyakarta,Kulon Progo,Kalibawang-Klp,2500
Daerah Istimewa Yogyakarta,Kulon Progo,Kokap,2500
Daerah Istimewa Yogyakarta,Kulon Progo,Lendah,2500
Daerah Istimewa Yogyakarta,Kulon Progo,Nanggulan,2500
Daerah Istimewa Yogyakarta,Kulon Progo,Panjatan,2500
Daerah Istimewa Yogyakarta,Kulon Progo,Pengasih,2500
Daerah Istimewa Yogyakarta,Kulon Progo,Samigaluh,2500
Daerah Istimewa Yogyakarta,Kulon Progo,Sentolo,2500
Daerah Istimewa Yogyakarta,Kulon Progo,Temon,2500
Daerah Istimewa Yogyakarta,Kulon Progo,Wates-Klp,2500
Daerah Istimewa Yogyakarta,Kab Sleman,Berbah,2500
Daerah Istimewa Yogyakarta,Kab Sleman,Cangkringan,2500
Daerah Istimewa Yogyakarta,Kab Sleman,Depok-Slm,2500
Daerah Istimewa Yogyakarta,Kab Sleman,Gamping,2500
Daerah Istimewa Yogyakarta,Kab Sleman,Godean,2500
Daerah Istimewa Yogyakarta,Kab Sleman,Kalasan,2500
Daerah Istimewa Yogyakarta,Kab Sleman,Minggir,2500
Daerah Istimewa Yogyakarta,Kab Sleman,Mlati,2500
Daerah Istimewa Yogyakarta,Kab Sleman,Moyudan,2500
Daerah Istimewa Yogyakarta,Kab Sleman,Ngaglik,2500
Daerah Istimewa Yogyakarta,Kab Sleman,Ngemplak-Slm,2500
Daerah Istimewa Yogyakarta,Kab Sleman,Pakem-Slm,2500
Daerah Istimewa Yogyakarta,Kab Sleman,Prambanan-Slm,2500
Daerah Istimewa Yogyakarta,Kab Sleman,Seyegan,2500
Daerah Istimewa Yogyakarta,Kab Sleman,Sleman,2500
Daerah Istimewa Yogyakarta,Kab Sleman,Tempel,2500
Daerah Istimewa Yogyakarta,Kab Sleman,Turi-Slm,2500
Daerah Istimewa Yogyakarta,Yogyakarta,Danurejan,2500
Daerah Istimewa Yogyakarta,Yogyakarta,Gedong Tengen,2500
Daerah Istimewa Yogyakarta,Yogyakarta,Gondokusuman,2500
Daerah Istimewa Yogyakarta,Yogyakarta,Gondomanan,2500
Daerah Istimewa Yogyakarta,Yogyakarta,Jetis-Jog,2500
Daerah Istimewa Yogyakarta,Yogyakarta,Kotagede,2500
Daerah Istimewa Yogyakarta,Yogyakarta,Kraton-Jog,2500
Daerah Istimewa Yogyakarta,Yogyakarta,Mantrijeron,2500
Daerah Istimewa Yogyakarta,Yogyakarta,Mergangsan,2500
Daerah Istimewa Yogyakarta,Yogyakarta,Ngampilan,2500
Daerah Istimewa Yogyakarta,Yogyakarta,Pakualaman,2500
Daerah Istimewa Yogyakarta,Yogyakarta,Tegalrejo-Jog,2500
Daerah Istimewa Yogyakarta,Yogyakarta,Umbulharjo,2500
Daerah Istimewa Yogyakarta,Yogyakarta,Wirobrajan,2500
DKI Jakarta,Jakarta Barat,Cengkareng,3200
DKI Jakarta,Jakarta Barat,Grogol Petamburan,3200
DKI Jakarta,Jakarta Barat,Kalideres,3200
DKI Jakarta,Jakarta Barat,Kebon Jeruk,3200
DKI Jakarta,Jakarta Barat,Kembangan,3200
DKI Jakarta,Jakarta Barat,Palmerah,3200
DKI Jakarta,Jakarta Barat,Taman Sari-Jkt,3200
DKI Jakarta,Jakarta Barat,Tambora,3200
DKI Jakarta,Jakarta Pusat,Cempaka Putih,3200
DKI Jakarta,Jakarta Pusat,Gambir,3200
DKI Jakarta,Jakarta Pusat,Johar Baru,3200
DKI Jakarta,Jakarta Pusat,Kemayoran,3200
DKI Jakarta,Jakarta Pusat,Menteng,3200
DKI Jakarta,Jakarta Pusat,Sawah Besar,3200
DKI Jakarta,Jakarta Pusat,Senen,3200
DKI Jakarta,Jakarta Pusat,Tanah Abang-Jkt,3200
DKI Jakarta,Jakarta Selatan,Cilandak,3200
DKI Jakarta,Jakarta Selatan,Jagakarsa,3200
DKI Jakarta,Jakarta Selatan,Kebayoran Baru,3200
DKI Jakarta,Jakarta Selatan,Kebayoran Lama,3200
DKI Jakarta,Jakarta Selatan,Mampang Prapatan,3200
DKI Jakarta,Jakarta Selatan,Pancoran,3200
DKI Jakarta,Jakarta Selatan,Pasar Minggu,3200
DKI Jakarta,Jakarta Selatan,Pesanggrahan-Jkt,3200
DKI Jakarta,Jakarta Selatan,Setiabudi,3200
DKI Jakarta,Jakarta Selatan,Tebet,3200
DKI Jakarta,Jakarta Timur,Cakung,3200
DKI Jakarta,Jakarta Timur,Cipayung-Jkt,3200
DKI Jakarta,Jakarta Timur,Ciracas,3200
DKI Jakarta,Jakarta Timur,Duren Sawit,3200
DKI Jakarta,Jakarta Timur,Jatinegara-Jkt,3200
DKI Jakarta,Jakarta Timur,Kramat Jati,3200
DKI Jakarta,Jakarta Timur,Makasar,3200
DKI Jakarta,Jakarta Timur,Matraman,3200
DKI Jakarta,Jakarta Timur,Pasar Rebo,3200
DKI Jakarta,Jakarta Timur,Pulo Gadung,3200
DKI Jakarta,Jakarta Utara,Cilincing,3200
DKI Jakarta,Jakarta Utara,Kelapa Gading,3200
DKI Jakarta,Jakarta Utara,Koja,3200
DKI Jakarta,Jakarta Utara,Pademangan,3200
DKI Jakarta,Jakarta Utara,Penjaringan,3200
DKI Jakarta,Jakarta Utara,Tanjung Priok,3200
Gorontalo,Kab Boalemo,Botumoita,15500
Gorontalo,Kab Boalemo,Dulupi,15500
Gorontalo,Kab Boalemo,Mananggu,15500
Gorontalo,Kab Boalemo,Paguyaman,15500
Gorontalo,Kab Boalemo,Paguyaman Pantai,15500
Gorontalo,Kab Boalemo,Tilamuta,15500
Gorontalo,Kab Boalemo,Wonosari,15500
Gorontalo,Kab Bone Bolango,Bone Raya,15500
Gorontalo,Kab Bone Bolango,Bone-Suw,15500
Gorontalo,Kab Bone Bolango,Bone Pantai,15500
Gorontalo,Kab Bone Bolango,Botu Pingge,15500
Gorontalo,Kab Bone Bolango,Bulango Selatan,15500
Gorontalo,Kab Bone Bolango,Bulango Timur,15500
Gorontalo,Kab Bone Bolango,Bulango Ulu,15500
Gorontalo,Kab Bone Bolango,Bulango Utara,15500
Gorontalo,Kab Bone Bolango,Bulawa,15500
Gorontalo,Kab Bone Bolango,Kabila,15500
Gorontalo,Kab Bone Bolango,Kabila Bone,15500
Gorontalo,Kab Bone Bolango,Pinogu,15500
Gorontalo,Kab Bone Bolango,Suwawa,15500
Gorontalo,Kab Bone Bolango,Suwawa Selatan,15500
Gorontalo,Kab Bone Bolango,Suwawa Tengah,15500
Gorontalo,Kab Bone Bolango,Suwawa Timur,15500
Gorontalo,Kab Bone Bolango,Tapa Tilongkabila,15500
Gorontalo,Kab Gorontalo,Asparaga-Lbo,15500
Gorontalo,Kab Gorontalo,Batudaa Pantai-Lbo,15500
Gorontalo,Kab Gorontalo,Bilato,15500
Gorontalo,Kab Gorontalo,Biluhu,15500
Gorontalo,Kab Gorontalo,Boliohuto,15500
Gorontalo,Kab Gorontalo,Bongonmeme-Lbo,15500
Gorontalo,Kab Gorontalo,Dungaliyo,15500
Gorontalo,Kab Gorontalo,Limboto,15500
Gorontalo,Kab Gorontalo,Limboto Barat-Lbo,15500
Gorontalo,Kab Gorontalo,Mootilango-Lbo,15500
Gorontalo,Kab Gorontalo,Pulubala-Lbo,15500
Gorontalo,Kab Gorontalo,Tabongo-Lbo,15500
Gorontalo,Kab Gorontalo,Telaga,15500
Gorontalo,Kab Gorontalo,Telaga Biru-Lbo,15500
Gorontalo,Kab Gorontalo,Telaga Jaya-Lbo,15500
Gorontalo,Kab Gorontalo,Tibawa-Lbo,15500
Gorontalo,Kab Gorontalo,Tilango-Lbo,15500
Gorontalo,Kab Gorontalo,Tolangohula-Lbo,15500
Gorontalo,Kab Gorontalo Utara,Anggrek,15500
Gorontalo,Kab Gorontalo Utara,Atinggola,15500
Gorontalo,Kab Gorontalo Utara,Biau-Kwd,15500
Gorontalo,Kab Gorontalo Utara,Gentuma Raya,15500
Gorontalo,Kab Gorontalo Utara,Kwandang,15500
Gorontalo,Kab Gorontalo Utara,Monano,15500
Gorontalo,Kab Gorontalo Utara,Ponelo,15500
Gorontalo,Kab Gorontalo Utara,Kepulauan,15500
Gorontalo,Kab Gorontalo Utara,Sumalata,15500
Gorontalo,Kab Gorontalo Utara,Sumalata Timur,15500
Gorontalo,Kab Gorontalo Utara,Tolinggula,15500
Gorontalo,Kab Gorontalo Utara,Tomolito,15500
Gorontalo,Kab Pahuwato,Buntulia,15500
Gorontalo,Kab Pahuwato,Dengilo,15500
Gorontalo,Kab Pahuwato,Duhiadaa,15500
Gorontalo,Kab Pahuwato,Lemito,15500
Gorontalo,Kab Pahuwato,Marisa,15500
Gorontalo,Kab Pahuwato,Paguat,15500
Gorontalo,Kab Pahuwato,Patilanggio,15500
Gorontalo,Kab Pahuwato,Popayato,15500
Gorontalo,Kab Pahuwato,Popayato Barat,15500
Gorontalo,Kab Pahuwato,Popayato Timur,15500
Gorontalo,Kab Pahuwato,Randangan,15500
Gorontalo,Kab Pahuwato,Taluduti,15500
Gorontalo,Kab Pahuwato,Wanggarasi,15500
Gorontalo,Kota Gorontalo,Dumbo Raya,14500
Gorontalo,Kota Gorontalo,Dungingi,14500
Gorontalo,Kota Gorontalo,Hulonthalangi,14500
Gorontalo,Kota Gorontalo,Kota Barat,14500
Gorontalo,Kota Gorontalo,Kota Selatan,14500
Gorontalo,Kota Gorontalo,Kota tengah,14500
Gorontalo,Kota Gorontalo,Kota Timur,14500
Gorontalo,Kota Gorontalo,Kota Utara,14500
Gorontalo,Kota Gorontalo,Sipatana,14500
Jambi,Kab Batanghari,Bajubang,8000
Jambi,Kab Batanghari,Batin,8000
Jambi,Kab Batanghari,Bungku,8000
Jambi,Kab Batanghari,Ladang Peris,8000
Jambi,Kab Batanghari,Mekar Jaya,8000
Jambi,Kab Batanghari,Mekar Sari Nes,8000
Jambi,Kab Batanghari,Penerokan,8000
Jambi,Kab Batanghari,Petajen,8000
Jambi,Kab Batanghari,Pompa Air,8000
Jambi,Kab Batanghari,Sungkai,8000
Jambi,Kab Bungo,Bathin Ii Babeko,8000
Jambi,Kab Bungo,Bathin Ii Oelayang,8000
Jambi,Kab Bungo,Bathin Iii,8000
Jambi,Kab Bungo,Bathin Iii Ulu,8000
Jambi,Kab Bungo,Bungo Dani,8000
Jambi,Kab Bungo,Jujuhan,8000
Jambi,Kab Bungo,Jujuhan Ilir,8000
Jambi,Kab Bungo,Limbur Lubuk Mengkuang,8000
Jambi,Kab Bungo,Muko-Muko,8000
Jambi,Kab Bungo,Pasar Ma.Bungo,8000
Jambi,Kab Bungo,Pelepat,8000
Jambi,Kab Bungo,Pelepat Ilir,8000
Jambi,Kab Bungo,Rantau Pandan,8000
Jambi,Kab Bungo,Rimbo Tengah,8000
Jambi,Kab Bungo,Tanah Sepenggal,8000
Jambi,Kab Bungo,Tanah Sepenggal Lintas,8000
Jambi,Kab Bungo,Tanah Tumbuh,8000
Jambi,Kab Kerinci,Air Hangat,8000
Jambi,Kab Kerinci,Air Hangat Barat,8000
Jambi,Kab Kerinci,Air Hangat Timur,8000
Jambi,Kab Kerinci,Batang Merangin,8000
Jambi,Kab Kerinci,Bukit Kerman,8000
Jambi,Kab Kerinci,Daun Kerinci,8000
Jambi,Kab Kerinci,Depati Tujuh,8000
Jambi,Kab Kerinci,Gunung Kerinci,8000
Jambi,Kab Kerinci,Gunung Raya,8000
Jambi,Kab Kerinci,Gunung Tujuh,8000
Jambi,Kab Kerinci,Kayu Aro,8000
Jambi,Kab Kerinci,Kayu Aro Barat,8000
Jambi,Kab Kerinci,Keliling Danau,8000
Jambi,Kab Kerinci,Sitinjau Laut,8000
Jambi,Kab Kerinci,Siulak,8000
Jambi,Kab Kerinci,Siulak Mukai,8000
Jambi,Merangin,Bangko Barat,8000
Jambi,Merangin,Bangko-Bao,8000
Jambi,Merangin,Batang Masumai,8000
Jambi,Merangin,Jangkat,8000
Jambi,Merangin,Lembah Masurai,8000
Jambi,Merangin,Margo Tabir,8000
Jambi,Merangin,Muara Siau,8000
Jambi,Merangin,Nalo Tantang,8000
Jambi,Merangin,Pamenang,8000
Jambi,Merangin,Pamenang Barat,8000
Jambi,Merangin,Pamenang Selatan,8000
Jambi,Merangin,Pangkalan Jambu,8000
Jambi,Merangin,Renah Pembarap,8000
Jambi,Merangin,Renah Pemenang,8000
Jambi,Merangin,Sungai Manau,8000
Jambi,Merangin,Tabir,8000
Jambi,Merangin,Tabir Barat,8000
Jambi,Merangin,Tabir Ilir,8000
Jambi,Merangin,Tabir Lintas,8000
Jambi,Merangin,Tabir Selatan ,8000
Jambi,Merangin,Tabir Timur,8000
Jambi,Merangin,Tabir Ulu,8000
Jambi,Merangin,Tiang Pumpung,8000
Jambi,Muaro Jambi,Bahar Selatan,8000
Jambi,Muaro Jambi,Bahar Utara,8000
Jambi,Muaro Jambi,Jambi Luar Kota,8000
Jambi,Muaro Jambi,Mestong,8000
Jambi,Muaro Jambi,Sekernan,8000
Jambi,Muaro Jambi,Sungai Bahar,8000
Jambi,Muaro Jambi,Sungai Gelam ,8000
Jambi,Muaro Jambi,Taman Rajo,8000
Jambi,Sarolangun,Air Hitam-Sln,8000
Jambi,Sarolangun,Batang Asai,8000
Jambi,Sarolangun,Bathin Viii,8000
Jambi,Sarolangun,Cermin Nan Gadang,8000
Jambi,Sarolangun,Limun,8000
Jambi,Sarolangun,Mandiangin,8000
Jambi,Sarolangun,Pauh-Sln,8000
Jambi,Sarolangun,Pelawan,8000
Jambi,Sarolangun,Sarolangun,8000
Jambi,Sarolangun,Singkut,8000
Jambi,Tanjung Jabung Barat,Batang Asem,8000
Jambi,Tanjung Jabung Barat,Betara,8000
Jambi,Tanjung Jabung Barat,Bram Itam,8000
Jambi,Tanjung Jabung Barat,Kuala Betara,8000
Jambi,Tanjung Jabung Barat,Merlung,8000
Jambi,Tanjung Jabung Barat,Muara Papalik,8000
Jambi,Tanjung Jabung Barat,Pengabuan,8000
Jambi,Tanjung Jabung Barat,Renah Mendaluh,8000
Jambi,Tanjung Jabung Barat,Seberang Kota,8000
Jambi,Tanjung Jabung Barat,Senyerang,8000
Jambi,Tanjung Jabung Barat,Tebing Tinggi-Ktl,8000
Jambi,Tanjung Jabung Barat,Tungkal Ilir-Ktl,8000
Jambi,Tanjung Jabung Barat,Tungkal Ulu,8000
Jambi,Tanjung Jabung Timur,Berbak,8000
Jambi,Tanjung Jabung Timur,Dendang-Mus,8000
Jambi,Tanjung Jabung Timur,Geragai,8000
Jambi,Tanjung Jabung Timur,Kuala Jambi,8000
Jambi,Tanjung Jabung Timur,Mendahara,8000
Jambi,Tanjung Jabung Timur,Mendahar Ulu,8000
Jambi,Tanjung Jabung Timur,Muara Sabak Barat,8000
Jambi,Tanjung Jabung Timur,Muara Sabak Timur,8000
Jambi,Tanjung Jabung Timur,Nipah Panjang,8000
Jambi,Tanjung Jabung Timur,Rantau Rasau,8000
Jambi,Tanjung Jabung Timur,Sadu,8000
Jambi,Kab Tebo,Muara Tabir,8000
Jambi,Kab Tebo,Rimbo Bujang,8000
Jambi,Kab Tebo,Rimbo Ilir,8000
Jambi,Kab Tebo,Rimbo Ulu,8000
Jambi,Kab Tebo,Serai Serumpun,8000
Jambi,Kab Tebo,Sumay,8000
Jambi,Kab Tebo,Tebo Ilir,8000
Jambi,Kab Tebo,Tebo Tengah,8000
Jambi,Kab Tebo,Tebo Ulu,8000
Jambi,Kab Tebo,Tengah Ilir,8000
Jambi,Kab Tebo,Vii Koto,8000
Jambi,Kab Tebo,Vii Koto Ilir,8000
Jambi,Kota Jambi,Alam Barajo,7000
Jambi,Kota Jambi,Danau Sipin,7000
Jambi,Kota Jambi,Danau Teluk,7000
Jambi,Kota Jambi,Jambi Selatan,7000
Jambi,Kota Jambi,Jambi Timur,7000
Jambi,Kota Jambi,Jelutung,7000
Jambi,Kota Jambi,Kota Baru-Djb,7000
Jambi,Kota Jambi,Paal Merah,7000
Jambi,Kota Jambi,Pasar Jambi,7000
Jambi,Kota Jambi,Pelayangan,7000
Jambi,Kota Jambi,Telanaipura,7000
Jambi,Kota Sungai Penuh,Hamparan Rawang,8000
Jambi,Kota Sungai Penuh,Koto Baru-Sup,8000
Jambi,Kota Sungai Penuh,Kumun Debai,8000
Jambi,Kota Sungai Penuh,Pesisir Bukit,8000
Jambi,Kota Sungai Penuh,Pondok Tinggi,8000
Jambi,Kota Sungai Penuh,Sungai Bungkal,8000
Jambi,Kota Sungai Penuh,Sungai Penuh,8000
Jambi,Kota Sungai Penuh,Tanah Kampung,8000
Jawa Barat,Kab Bandung,Arjasari,3100
Jawa Barat,Kab Bandung,Baleendah,3100
Jawa Barat,Kab Bandung,Banjaran-Sog,3100
Jawa Barat,Kab Bandung,Bojongsoang,3100
Jawa Barat,Kab Bandung,Cangkuang,3100
Jawa Barat,Kab Bandung,Cicalengka,3100
Jawa Barat,Kab Bandung,Cikancung,3100
Jawa Barat,Kab Bandung,Cilengkrang,3100
Jawa Barat,Kab Bandung,Cileunyi,3100
Jawa Barat,Kab Bandung,Cimaung,3100
Jawa Barat,Kab Bandung,Cimeunyan,3100
Jawa Barat,Kab Bandung,Ciparay,3100
Jawa Barat,Kab Bandung,Ciwidey,3100
Jawa Barat,Kab Bandung,Dayeuhkolot,3100
Jawa Barat,Kab Bandung,Ibun,3100
Jawa Barat,Kab Bandung,Katapang,3100
Jawa Barat,Kab Bandung,Kertasari,3100
Jawa Barat,Kab Bandung,Kutawaringin,3100
Jawa Barat,Kab Bandung,Majalaya-Sog,3100
Jawa Barat,Kab Bandung,Marga Asih,3100
Jawa Barat,Kab Bandung,Margahayu,3100
Jawa Barat,Kab Bandung,Nagreg,3100
Jawa Barat,Kab Bandung,Pacet-Sog,3100
Jawa Barat,Kab Bandung,Pameungpeuk-Sog,3100
Jawa Barat,Kab Bandung,Pangalengan,3100
Jawa Barat,Kab Bandung,Paseh-Sog,3100
Jawa Barat,Kab Bandung,Pasirjambu,3100
Jawa Barat,Kab Bandung,Rancabali,3100
Jawa Barat,Kab Bandung,Rancaekek,3100
Jawa Barat,Kab Bandung,Solokan Jeruk ,3100
Jawa Barat,Kab Bandung,Soreang-Sog,3100
Jawa Barat,Bandung Barat,Batujajar,3100
Jawa Barat,Bandung Barat,Cihampelas,3100
Jawa Barat,Bandung Barat,Cikalong Wetan,3100
Jawa Barat,Bandung Barat,Cililin,3100
Jawa Barat,Bandung Barat,Cipatat,3100
Jawa Barat,Bandung Barat,Cipeundeuy-Ngp,3100
Jawa Barat,Bandung Barat,Cipongkor,3100
Jawa Barat,Bandung Barat,Cisarua-Ngp,3100
Jawa Barat,Bandung Barat,Gununghalu,3100
Jawa Barat,Bandung Barat,Ngamprah,3100
Jawa Barat,Bandung Barat,Padalarang,3100
Jawa Barat,Bandung Barat,Parongpong,3100
Jawa Barat,Bandung Barat,Rongga,3100
Jawa Barat,Bandung Barat,Saguling,3100
Jawa Barat,Bandung Barat,Sindangkerta,3100
Jawa Barat,Kab Bekasi,Bojongmangu,3500
Jawa Barat,Kab Bekasi,Cabangbungin,3500
Jawa Barat,Kab Bekasi,Cibarusah,3500
Jawa Barat,Kab Bekasi,Cikarang Barat,3500
Jawa Barat,Kab Bekasi,Cikarang Pusat,3500
Jawa Barat,Kab Bekasi,Cikarang Selatan,3500
Jawa Barat,Kab Bekasi,Cikarang Timur,3500
Jawa Barat,Kab Bekasi,Cikarang Utara,3500
Jawa Barat,Kab Bekasi,Karang Bahagia,3500
Jawa Barat,Kab Bekasi,Kedungwaringin,3500
Jawa Barat,Kab Bekasi,Pebayuran,3500
Jawa Barat,Kab Bekasi,Serang Baru,3500
Jawa Barat,Kab Bekasi,Sukakarya-Ckr,3500
Jawa Barat,Kab Bekasi,Sukatani-Ckr,3500
Jawa Barat,Kab Bekasi,Tambelang,3500
Jawa Barat,Kab Bogor,Babakan Madang,3800
Jawa Barat,Kab Bogor,Bojonggede,3800
Jawa Barat,Kab Bogor,Caringin-Cib,3800
Jawa Barat,Kab Bogor,Cariu,3800
Jawa Barat,Kab Bogor,Ciampea,3800
Jawa Barat,Kab Bogor,Ciawi-Cib,3800
Jawa Barat,Kab Bogor,Cibinong-Cib,3800
Jawa Barat,Kab Bogor,Cibungbulang,3800
Jawa Barat,Kab Bogor,Cigombong,3800
Jawa Barat,Kab Bogor,Cigudeg,3800
Jawa Barat,Kab Bogor,Cijeruk,3800
Jawa Barat,Kab Bogor,Cileungsi,3800
Jawa Barat,Kab Bogor,Ciomas-Cib,3800
Jawa Barat,Kab Bogor,Cisarua-Cib,3800
Jawa Barat,Kab Bogor,Ciseeng,3800
Jawa Barat,Kab Bogor,Citeureup,3800
Jawa Barat,Kab Bogor,Dramaga,3800
Jawa Barat,Kab Bogor,Gunung Putri,3800
Jawa Barat,Kab Bogor,Gunung Sindur,3800
Jawa Barat,Kab Bogor,Jasinga,3800
Jawa Barat,Kab Bogor,Jonggol,3800
Jawa Barat,Kab Bogor,Kemang,3800
Jawa Barat,Kab Bogor,Klapa Nunggal ,3800
Jawa Barat,Kab Bogor,Leuwiliang,3800
Jawa Barat,Kab Bogor,Leuwisadeng,3800
Jawa Barat,Kab Bogor,Mega Mendung,3800
Jawa Barat,Kab Bogor,Nanggung,3800
Jawa Barat,Kab Bogor,Pamijahan,3800
Jawa Barat,Kab Bogor,Parung,3800
Jawa Barat,Kab Bogor,Parung Panjang,3800
Jawa Barat,Kab Bogor,Ranca Bungur,3800
Jawa Barat,Kab Bogor,Rumpin,3800
Jawa Barat,Kab Bogor,Sukajaya-Cib,3800
Jawa Barat,Kab Bogor,Sukamakmur,3800
Jawa Barat,Kab Bogor,Sukaraja-Cib,3800
Jawa Barat,Kab Bogor,Tajur Halang,3800
Jawa Barat,Kab Bogor,Tamansari-Cib,3800
Jawa Barat,Kab Bogor,Tanjungsari-Cib,3800
Jawa Barat,Kab Bogor,Tenjo,3800
Jawa Barat,Kab Bogor,Tenjolaya,3800
Jawa Barat,Ciamis,Banjaranyar,3500
Jawa Barat,Ciamis,Banjarsari,3500
Jawa Barat,Ciamis,Baregbeg,3500
Jawa Barat,Ciamis,Ciamis,3500
Jawa Barat,Ciamis,Cidolog-Cmi,3500
Jawa Barat,Ciamis,Cihaurbeuti,3500
Jawa Barat,Ciamis,Cijeungjing,3500
Jawa Barat,Ciamis,Cikoneng,3500
Jawa Barat,Ciamis,Cimaragas,3500
Jawa Barat,Ciamis,Cipaku,3500
Jawa Barat,Ciamis,Cisaga,3500
Jawa Barat,Ciamis,Jatinagara,3500
Jawa Barat,Ciamis,Kawali,3500
Jawa Barat,Ciamis,Lakbok,3500
Jawa Barat,Ciamis,Lumbung,3500
Jawa Barat,Ciamis,Pamarican,3500
Jawa Barat,Ciamis,Panawangan,3500
Jawa Barat,Ciamis,Panjalu,3500
Jawa Barat,Ciamis,Panumbangan,3500
Jawa Barat,Ciamis,Purwadadi-Cmi,3500
Jawa Barat,Ciamis,Rajadesa,3500
Jawa Barat,Ciamis,rancah,3500
Jawa Barat,Ciamis,Sadananya,3500
Jawa Barat,Ciamis,Sindangkasih,3500
Jawa Barat,Ciamis,Sukadana-Cmi,3500
Jawa Barat,Ciamis,Sukamantri,3500
Jawa Barat,Ciamis,Tambaksari-Cmi,3500
Jawa Barat,Cianjur,Agrabinta,3500
Jawa Barat,Cianjur,Bojong Picung,3500
Jawa Barat,Cianjur,Campaka Mulya,3500
Jawa Barat,Cianjur,Campaka-Cjr,3500
Jawa Barat,Cianjur,Cianjur,3500
Jawa Barat,Cianjur,Cibeber-Cjr,3500
Jawa Barat,Cianjur,Cibinong-Cjr,3500
Jawa Barat,Cianjur,Cidaun,3500
Jawa Barat,Cianjur,Cijati,3500
Jawa Barat,Cianjur,Cikadu,3500
Jawa Barat,Cianjur,Cikalong Kulon,3500
Jawa Barat,Cianjur,Cilaku,3500
Jawa Barat,Cianjur,Cipanas-Cjr,3500
Jawa Barat,Cianjur,Ciranjang,3500
Jawa Barat,Cianjur,Cugenang,3500
Jawa Barat,Cianjur,Gekbrong,3500
Jawa Barat,Cianjur,Haurwangi,3500
Jawa Barat,Cianjur,Kadupandak,3500
Jawa Barat,Cianjur,Karang Tengah-Cjr,3500
Jawa Barat,Cianjur,Leles-Cjr,3500
Jawa Barat,Cianjur,Mande,3500
Jawa Barat,Cianjur,naringgul,3500
Jawa Barat,Cianjur,Pacet-Cjr,3500
Jawa Barat,Cianjur,Pagelaran-Cjr,3500
Jawa Barat,Cianjur,Pasirkuda,3500
Jawa Barat,Cianjur,Sindangbarang,3500
Jawa Barat,Cianjur,Sukaluyu,3500
Jawa Barat,Cianjur,Sukanagara,3500
Jawa Barat,Cianjur,Sukaresmi-Cjr,3500
Jawa Barat,Cianjur,Takokak,3500
Jawa Barat,Cianjur,Tanggeung,3500
Jawa Barat,Cianjur,Warung Kondang,3500
Jawa Barat,Kab Cirebon,Arjawinangun,3100
Jawa Barat,Kab Cirebon,Astanajapura,3100
Jawa Barat,Kab Cirebon,Babakan,3100
Jawa Barat,Kab Cirebon,Beber,3100
Jawa Barat,Kab Cirebon,Ciledug-Smb,3100
Jawa Barat,Kab Cirebon,Ciwaringin,3100
Jawa Barat,Kab Cirebon,Depok-Smb,3100
Jawa Barat,Kab Cirebon,Dukupuntang,3100
Jawa Barat,Kab Cirebon,Gebang,3100
Jawa Barat,Kab Cirebon,Gegesik,3100
Jawa Barat,Kab Cirebon,Gempol,3100
Jawa Barat,Kab Cirebon,Greged Greget,3100
Jawa Barat,Kab Cirebon,Gunung Jati Cirebon Utara,3100
Jawa Barat,Kab Cirebon,Jamblang,3100
Jawa Barat,Kab Cirebon,Kaliwedi,3100
Jawa Barat,Kab Cirebon,Kapetakan,3100
Jawa Barat,Kab Cirebon,Karangsembung,3100
Jawa Barat,Kab Cirebon,Karangwareng,3100
Jawa Barat,Kab Cirebon,Kedawung-Smb,3100
Jawa Barat,Kab Cirebon,Klangenan,3100
Jawa Barat,Kab Cirebon,Lemahabang,3100
Jawa Barat,Kab Cirebon,Losari-Smb,3100
Jawa Barat,Kab Cirebon,Mundu,3100
Jawa Barat,Kab Cirebon,Pabedilan,3100
Jawa Barat,Kab Cirebon,Pabuaran-Smb,3100
Jawa Barat,Kab Cirebon,Palimanan,3100
Jawa Barat,Kab Cirebon,Pangenan,3100
Jawa Barat,Kab Cirebon,Panguragan,3100
Jawa Barat,Kab Cirebon,Pasaleman,3100
Jawa Barat,Kab Cirebon,Plered-Smb,3100
Jawa Barat,Kab Cirebon,Plumbon,3100
Jawa Barat,Kab Cirebon,Sedong,3100
Jawa Barat,Kab Cirebon,Sumber-Smb,3100
Jawa Barat,Kab Cirebon,Suranenggala,3100
Jawa Barat,Kab Cirebon,Susukan,3100
Jawa Barat,Kab Cirebon,Susukan Lebak,3100
Jawa Barat,Kab Cirebon,Talun Cirebon Selatan,3100
Jawa Barat,Kab Cirebon,Tengah Tani,3100
Jawa Barat,Kab Cirebon,Waled,3100
Jawa Barat,Kab Cirebon,Weru-Smb,3100
Jawa Barat,Kab Garut,Banjarwangi,3200
Jawa Barat,Kab Garut,Banyuresmi,3200
Jawa Barat,Kab Garut,Bayongbong,3200
Jawa Barat,Kab Garut,Blubur Limbangan,3200
Jawa Barat,Kab Garut,Bungbulang,3200
Jawa Barat,Kab Garut,Caringin-Grt,3200
Jawa Barat,Kab Garut,Cibalong-Grt,3200
Jawa Barat,Kab Garut,Cibatu-Grt,3200
Jawa Barat,Kab Garut,Cibiuk ,3200
Jawa Barat,Kab Garut,Cigedug,3200
Jawa Barat,Kab Garut,Cihurip,3200
Jawa Barat,Kab Garut,Cikajang,3200
Jawa Barat,Kab Garut,Cikelet,3200
Jawa Barat,Kab Garut,Cilawu,3200
Jawa Barat,Kab Garut,Cisewu,3200
Jawa Barat,Kab Garut,Cisompet,3200
Jawa Barat,Kab Garut,Cisurupan,3200
Jawa Barat,Kab Garut,Garut Kota,3200
Jawa Barat,Kab Garut,Kadungora,3200
Jawa Barat,Kab Garut,Karangpawitan,3200
Jawa Barat,Kab Garut,KarangTengah-Grt,3200
Jawa Barat,Kab Garut,Kesarmanah,3200
Jawa Barat,Kab Garut,Leles-Grt,3200
Jawa Barat,Kab Garut,Leuwigoong,3200
Jawa Barat,Kab Garut,Malangbongh,3200
Jawa Barat,Kab Garut,Mekarmukti,3200
Jawa Barat,Kab Garut,Pakenjeng,3200
Jawa Barat,Kab Garut,Pameungpeuk-Grt,3200
Jawa Barat,Kab Garut,Pamulihan-Grt,3200
Jawa Barat,Kab Garut,Pangatikan,3200
Jawa Barat,Kab Garut,Pasirwangi,3200
Jawa Barat,Kab Garut,Peundeuy,3200
Jawa Barat,Kab Garut,Samarang,3200
Jawa Barat,Kab Garut,Selaawi,3200
Jawa Barat,Kab Garut,Singajaya,3200
Jawa Barat,Kab Garut,Sucinraja,3200
Jawa Barat,Kab Garut,Sukaresmi-Grt,3200
Jawa Barat,Kab Garut,Sukawening,3200
Jawa Barat,Kab Garut,Talegong,3200
Jawa Barat,Kab Garut,Tarogong Kaler,3200
Jawa Barat,Kab Garut,Tarogong Kidul,3200
Jawa Barat,Kab Garut,Wanaraja,3200
Kalimantan Barat,Kab Bengkayang,Bengkayang,12400
Kalimantan Barat,Kab Bengkayang,Capkala,12400
Kalimantan Barat,Kab Bengkayang,Jagoi Babang,12400
Kalimantan Barat,Kab Bengkayang,Ledo,12400
Kalimantan Barat,Kab Bengkayang,Lembah Bawang,12400
Kalimantan Barat,Kab Bengkayang,Lumar,12400
Kalimantan Barat,Kab Bengkayang,Monterado,12400
Kalimantan Barat,Kab Bengkayang,Samalantan,12400
Kalimantan Barat,Kab Bengkayang,Sanggau Ledo,12400
Kalimantan Barat,Kab Bengkayang,Seluas,12400
Kalimantan Barat,Kab Bengkayang,Siding,12400
Kalimantan Barat,Kab Bengkayang,Sungai Betung,12400
Kalimantan Barat,Kab Bengkayang,Sungai Raya,12400
Kalimantan Barat,Kab Bengkayang,Sungai Raya Kepulauan,12400
Kalimantan Barat,Kab Bengkayang,Suti Semarang,12400
Kalimantan Barat,Kab Bengkayang,Teriak ,12400
Kalimantan Barat,Kab Bengkayang,Tujuh Belas,12400
Kalimantan Barat,Kab Kapuas Hulu,Badau-Psu,10500
Kalimantan Barat,Kab Kapuas Hulu,Batang Lupar,10500
Kalimantan Barat,Kab Kapuas Hulu,Batu Datu,10500
Kalimantan Barat,Kab Kapuas Hulu,Bika,10500
Kalimantan Barat,Kab Kapuas Hulu,Boyan Tanjung,10500
Kalimantan Barat,Kab Kapuas Hulu,Bunut Hilir,10500
Kalimantan Barat,Kab Kapuas Hulu,Bunut Hulu,10500
Kalimantan Barat,Kab Kapuas Hulu,Embaloh Hilir,10500
Kalimantan Barat,Kab Kapuas Hulu,Embaloh Hulu,10500
Kalimantan Barat,Kab Kapuas Hulu,Empanang,10500
Kalimantan Barat,Kab Kapuas Hulu,Hulu Gunung,10500
Kalimantan Barat,Kab Kapuas Hulu,Jongkong,10500
Kalimantan Barat,Kab Kapuas Hulu,Kalis,10500
Kalimantan Barat,Kab Kapuas Hulu,Mentebah,10500
Kalimantan Barat,Kab Kapuas Hulu,Puring Kencana,10500
Kalimantan Barat,Kab Kapuas Hulu,Putussibau Selatan,10500
Kalimantan Barat,Kab Kapuas Hulu,Putussibau Utara,10500
Kalimantan Barat,Kab Kapuas Hulu,Seberuang,10500
Kalimantan Barat,Kab Kapuas Hulu,Selimbau,10500
Kalimantan Barat,Kab Kapuas Hulu,Semitau,10500
Kalimantan Barat,Kab Kapuas Hulu,Silat Hilir,10500
Kalimantan Barat,Kab Kapuas Hulu,Silat Hulu,10500
Kalimantan Barat,Kab Kapuas Hulu,Suhaid,10500
Kalimantan Barat,Kayong Utara,Kepulauan Karimata,12400
Kalimantan Barat,Kayong Utara,Pulau Maya Karimata,12400
Kalimantan Barat,Kayong Utara,Seponti,12400
Kalimantan Barat,Kayong Utara,Simpang Hilir,12400
Kalimantan Barat,Kayong Utara,Sukadana-Tlm,12400
Kalimantan Barat,Kayong Utara,Teluk Batang,12400
Kalimantan Barat,Kab Ketapang,Air Upas,12400
Kalimantan Barat,Kab Ketapang,Benua Kayong,12400
Kalimantan Barat,Kab Ketapang,Delta Pawan,12400
Kalimantan Barat,Kab Ketapang,Hulu Sungai,12400
Kalimantan Barat,Kab Ketapang,Jelai Hulu,12400
Kalimantan Barat,Kab Ketapang,Kendawang,12400
Kalimantan Barat,Kab Ketapang,Manis Mata,12400
Kalimantan Barat,Kab Ketapang,Marau,12400
Kalimantan Barat,Kab Ketapang,Matan Hilir Selatan,12400
Kalimantan Barat,Kab Ketapang,Matan Hilir Utara,12400
Kalimantan Barat,Kab Ketapang,Muara Pawan,12400
Kalimantan Barat,Kab Ketapang,Nanga Tayap,12400
Kalimantan Barat,Kab Ketapang,Pemahan,12400
Kalimantan Barat,Kab Ketapang,Sandai,12400
Kalimantan Barat,Kab Ketapang,Simpang Dua,12400
Kalimantan Barat,Kab Ketapang,Simpang Hulu,12400
Kalimantan Barat,Kab Ketapang,Pendaftaran,12400
Kalimantan Barat,Kab Ketapang,Sungai Laur,12400
Kalimantan Barat,Kab Ketapang,Sungai Melayu Rayak,12400
Kalimantan Barat,Kab Ketapang,Tumbang Titi,12400
Kalimantan Barat,Kab Ketapang,Kedah Bang,12400
Kalimantan Barat,Kab Kubu Raya,Batu Ampar-Kub,12500
Kalimantan Barat,Kab Kubu Raya,Kuala Mandor-B,12500
Kalimantan Barat,Kab Kubu Raya,Kubu Raya,12500
Kalimantan Barat,Kab Kubu Raya,Sungai Ambawang,12500
Kalimantan Barat,Kab Kubu Raya,Sungai Kakap,12500
Kalimantan Barat,Kab Kubu Raya,Sungai Raya-Kub,12500
Kalimantan Barat,Kab Landak,Air Besar,12400
Kalimantan Barat,Kab Landak,Banyuke Hulu,12400
Kalimantan Barat,Kab Landak,Jelimpo,12400
Kalimantan Barat,Kab Landak,Kuala Behe,12400
Kalimantan Barat,Kab Landak,Mandor,12400
Kalimantan Barat,Kab Landak,Mempawah Hulu,12400
Kalimantan Barat,Kab Landak,Menjalin,12400
Kalimantan Barat,Kab Landak,Menyuke,12400
Kalimantan Barat,Kab Landak,Ngabang,12400
Kalimantan Barat,Kab Landak,Sebangki,12400
Kalimantan Barat,Kab Landak,Senengah Temila Sompak,12400
Kalimantan Barat,Kab Melawi,Belimbing Hulu,12400
Kalimantan Barat,Kab Melawi,Belimbing-Mlw,12400
Kalimantan Barat,Kab Melawi,Ella Hilir,12400
Kalimantan Barat,Kab Melawi,Menukung,12400
Kalimantan Barat,Kab Melawi,Nanga Pinoh,12400
Kalimantan Barat,Kab Melawi,Pinoh Selatan,12400
Kalimantan Barat,Kab Melawi,Pinoh Utara,12400
Kalimantan Barat,Kab Melawi,Sayan,12400
Kalimantan Barat,Kab Melawi,Sokan,12400
Kalimantan Barat,Kab Melawi,Tanah Pinoh,12400
Kalimantan Barat,Kab Melawi,Tanah Pinoh Barat,12400
Kalimantan Barat,Kab Mempawah,Anjongan,12400
Kalimantan Barat,Kab Mempawah,Mempawah Hilir,12400
Kalimantan Barat,Kab Mempawah,Mempawah Timur,12400
Kalimantan Barat,Kab Mempawah,Sadaniang,12400
Kalimantan Barat,Kab Mempawah,Segedong,12400
Kalimantan Barat,Kab Mempawah,Siantan-Mmw,12400
Kalimantan Barat,Kab Mempawah,Sungai Kunyit,12400
Kalimantan Barat,Kab Mempawah,Sungai Pinyuh,12400
Kalimantan Barat,Kab Mempawah,Toho,12400
Kalimantan Barat,Kab Sambas,Galing,12400
Kalimantan Barat,Kab Sambas,Jawai,12400
Kalimantan Barat,Kab Sambas,Jawai Selatan,12400
Kalimantan Barat,Kab Sambas,Paloh,12400
Kalimantan Barat,Kab Sambas,Pemangkat,12400
Kalimantan Barat,Kab Sambas,Sajad,12400
Kalimantan Barat,Kab Sambas,Sajingan Besar,12400
Kalimantan Barat,Kab Sambas,Salatiga,12400
Kalimantan Barat,Kab Sambas,Sambas,12400
Kalimantan Barat,Kab Sambas,Sebawi,12400
Kalimantan Barat,Kab Sambas,Sejangkung,12400
Kalimantan Barat,Kab Sambas,Selakau,12400
Kalimantan Barat,Kab Sambas,Selakau Timur,12400
Kalimantan Barat,Kab Sambas,Semparuk,12400
Kalimantan Barat,Kab Sambas,Subah-Sas,12400
Kalimantan Barat,Kab Sambas,Tangaran,12400
Kalimantan Barat,Kab Sambas,Tebas,12400
Kalimantan Barat,Kab Sambas,Tekarang,12400
Kalimantan Barat,Kab Sambas,Teluk Keramat,12400
Kalimantan Barat,Kab Sanggau,Balai Karangan,12400
Kalimantan Barat,Kab Sanggau,Beduai,12400
Kalimantan Barat,Kab Sanggau,Bonti,12400
Kalimantan Barat,Kab Sanggau,Entikong,12400
Kalimantan Barat,Kab Sanggau,Jangkang,12400
Kalimantan Barat,Kab Sanggau,Kembayan,12400
Kalimantan Barat,Kab Sanggau,Meliau,12400
Kalimantan Barat,Kab Sanggau,Mukok,12400
Kalimantan Barat,Kab Sanggau,Noyan,12400
Kalimantan Barat,Kab Sanggau,Parindu,12400
Kalimantan Barat,Kab Sanggau,Sanggau Kapuas,12400
Kalimantan Barat,Kab Sanggau,Sekayam,12400
Kalimantan Barat,Kab Sanggau,Tayan Hilir,12400
Kalimantan Barat,Kab Sanggau,Tayan Hulu,12400
Kalimantan Barat,Kab Sanggau,Toba,12400
Kalimantan Barat,Kab Sekadau,Belitang,12400
Kalimantan Barat,Kab Sekadau,Belitang Hilir,12400
Kalimantan Barat,Kab Sekadau,Belitang Hulu,12400
Kalimantan Barat,Kab Sekadau,Nanga Mahap,12400
Kalimantan Barat,Kab Sekadau,Taman Nanga,12400
Kalimantan Barat,Kab Sekadau,Sekadau Hilir,12400
Kalimantan Barat,Kab Sekadau,Sekadau Hulu,12400
Kalimantan Barat,Kab Sintang,Ambalau-Sqg,12400
Kalimantan Barat,Kab Sintang,Binjai Hulu,12400
Kalimantan Barat,Kab Sintang,Dedai,12400
Kalimantan Barat,Kab Sintang,Kayan Hilir-Sqg,12400
Kalimantan Barat,Kab Sintang,Kayan Hulu-Sqg,12400
Kalimantan Barat,Kab Sintang,Kelam Permai,12400
Kalimantan Barat,Kab Sintang,Ketungau Hilir,12400
Kalimantan Barat,Kab Sintang,Ketungau Hulu,12400
Kalimantan Barat,Kab Sintang,Ketungau Tengah,12400
Kalimantan Barat,Kab Sintang,Sepauk,12400
Kalimantan Barat,Kab Sintang,Serawai,12400
Kalimantan Barat,Kab Sintang,Sintang,12400
Kalimantan Barat,Kab Sintang,Sungai Tebelian,12400
Kalimantan Barat,Kab Sintang,Tempunak,12400
Kalimantan Barat,Kota Pontianak,Pontianak Barat,11000
Kalimantan Barat,Kota Pontianak,Kota Pontianak,11000
Kalimantan Barat,Kota Pontianak,Pontianak Selatan,11000
Kalimantan Barat,Kota Pontianak,Pontianak Tenggara,11000
Kalimantan Barat,Kota Pontianak,Pontianak Timur,11000
Kalimantan Barat,Kota Pontianak,Pontianak Utara,11000
Kalimantan Barat,Kota Pontianak,Pontianak 1,11000
Kalimantan Barat,Kota Singkawang,Singkawang Barat,12400
Kalimantan Barat,Kota Singkawang,Singkawang Selatan,12400
Kalimantan Barat,Kota Singkawang,Singkawang Tengah,12400
Kalimantan Barat,Kota Singkawang,Singkawang Timur,12400
Kalimantan Barat,Kota Singkawang,Singkawang Utara,12400
Kalimantan Selatan,Kab Balangan,Awayan,9500
Kalimantan Selatan,Kab Balangan,Batu Mandi,9500
Kalimantan Selatan,Kab Balangan,Halong,9500
Kalimantan Selatan,Kab Balangan,Juai,9500
Kalimantan Selatan,Kab Balangan,Lampihong,9500
Kalimantan Selatan,Kab Balangan,Paringin,9500
Kalimantan Selatan,Kab Balangan,Paringin Selatan,9500
Kalimantan Selatan,Kab Balangan,Tebing Tinggi-Pag,9500
Kalimantan Selatan,Kab Banjar,Aluh-Aluh,9500
Kalimantan Selatan,Kab Banjar,Aranio,9500
Kalimantan Selatan,Kab Banjar,Istanbul,9500
Kalimantan Selatan,Kab Banjar,Beruntung Baru,9500
Kalimantan Selatan,Kab Banjar,Cintapuri Darussalam,9500
Kalimantan Selatan,Kab Banjar,Gambut,9500
Kalimantan Selatan,Kab Banjar,Karang Intan,9500
Kalimantan Selatan,Kab Banjar,Kertak Hanyar,9500
Kalimantan Selatan,Kab Banjar,Martapura Barat,9500
Kalimantan Selatan,Kab Banjar,Martapura Kota,9500
Kalimantan Selatan,Kab Banjar,Martapura Timur,9500
Kalimantan Selatan,Kab Banjar,Mataraman,9500
Kalimantan Selatan,Kab Banjar,Pengaron,9500
Kalimantan Selatan,Kab Banjar,Peramasan,9500
Kalimantan Selatan,Kab Banjar,Sambung Makmur,9500
Kalimantan Selatan,Kab Banjar,Sei_Sungai Pinang,9500
Kalimantan Selatan,Kab Banjar,Sei_Sungai Tabuk,9500
Kalimantan Selatan,Kab Banjar,Simpang Empat-Mta,9500
Kalimantan Selatan,Kab Banjar,Tatah Makmur,9500
Kalimantan Selatan,Kab Banjar,Telaga Bauuntung,9500
Kalimantan Selatan,Kab Barito Kuala,Alalak,9500
Kalimantan Selatan,Kab Barito Kuala,Anjir Muara,9500
Kalimantan Selatan,Kab Barito Kuala,Pasar Anjir,9500
Kalimantan Selatan,Kab Barito Kuala,Bakumpai,9500
Kalimantan Selatan,Kab Barito Kuala,Barambai,9500
Kalimantan Selatan,Kab Barito Kuala,Belawang,9500
Kalimantan Selatan,Kab Barito Kuala,Cerbon,9500
Kalimantan Selatan,Kab Barito Kuala,Jejangkit,9500
Kalimantan Selatan,Kab Barito Kuala,Kuripan-Mrh,9500
Kalimantan Selatan,Kab Barito Kuala,Mandastana,9500
Kalimantan Selatan,Kab Barito Kuala,Marabahan,9500
Kalimantan Selatan,Kab Barito Kuala,Mekar Sari,9500
Kalimantan Selatan,Kab Barito Kuala,Rantau Badauh,9500
Kalimantan Selatan,Kab Barito Kuala,Tabukan,9500
Kalimantan Selatan,Kab Barito Kuala,Tabunganen,9500
Kalimantan Selatan,Kab Barito Kuala,Tamban,9500
Kalimantan Selatan,Kab Barito Kuala,Wanaraya,9500
Kalimantan Selatan,Kab Hulu Sungai Selatan,Angkinang,9500
Kalimantan Selatan,Kab Hulu Sungai Selatan,Daha Barat,9500
Kalimantan Selatan,Kab Hulu Sungai Selatan,Daha Selatan,9500
Kalimantan Selatan,Kab Hulu Sungai Selatan,Daha Utara,9500
Kalimantan Selatan,Kab Hulu Sungai Selatan,Kalumpang-Kdg,9500
Kalimantan Selatan,Kab Hulu Sungai Selatan,Kandangan-Kdg,9500
Kalimantan Selatan,Kab Hulu Sungai Selatan,Loksado,9500
Kalimantan Selatan,Kab Hulu Sungai Selatan,Padang Batung,9500
Kalimantan Selatan,Kab Hulu Sungai Selatan,Simpur,9500
Kalimantan Selatan,Kab Hulu Sungai Selatan,Sungai Raya-Kdg,9500
Kalimantan Selatan,Kab Hulu Sungai Selatan,Telaga Langsat,9500
Kalimantan Selatan,Kab Hulu Sungai Tengah,Barabai,9500
Kalimantan Selatan,Kab Hulu Sungai Tengah,Batang Alai Selatan,9500
Kalimantan Selatan,Kab Hulu Sungai Tengah,Batang Alai Timur,9500
Kalimantan Selatan,Kab Hulu Sungai Tengah,Batang Alai Utara,9500
Kalimantan Selatan,Kab Hulu Sungai Tengah,Batu Menawa,9500
Kalimantan Selatan,Kab Hulu Sungai Tengah,Hantakan,9500
Kalimantan Selatan,Kab Hulu Sungai Tengah,Haruyan,9500
Kalimantan Selatan,Kab Hulu Sungai Tengah,Labuan Amas Selatan,9500
Kalimantan Selatan,Kab Hulu Sungai Tengah,Labuan Amas Utara,9500
Kalimantan Selatan,Kab Hulu Sungai Tengah,Limpasu,9500
Kalimantan Selatan,Kab Hulu Sungai Tengah,Pandawan,9500
Kalimantan Selatan,Kab Hulu Sungai Utara,Amuntai Selatan,9500
Kalimantan Selatan,Kab Hulu Sungai Utara,Amuntai Tengah,9500
Kalimantan Selatan,Kab Hulu Sungai Utara,Amuntai Utara,9500
Kalimantan Selatan,Kab Hulu Sungai Utara,Babirik,9500
Kalimantan Selatan,Kab Hulu Sungai Utara,Banjang,9500
Kalimantan Selatan,Kab Hulu Sungai Utara,Danau Panggang,9500
Kalimantan Selatan,Kab Hulu Sungai Utara,Haur Gading,9500
Kalimantan Selatan,Kab Hulu Sungai Utara,Paminggir,9500
Kalimantan Selatan,Kab Hulu Sungai Utara,Sungai Pandan,9500
Kalimantan Selatan,Kab Hulu Sungai Utara,Sungai Tabukan,9500
Kalimantan Selatan,Kab Kotabaru,Hampang,9500
Kalimantan Selatan,Kab Kotabaru,Kelumpang Barat,9500
Kalimantan Selatan,Kab Kotabaru,Kelumpang Hilir,9500
Kalimantan Selatan,Kab Kotabaru,Kelumpang Hulu,9500
Kalimantan Selatan,Kab Kotabaru,Kelumpang Selatan,9500
Kalimantan Selatan,Kab Kotabaru,Kelumpang Tengah,9500
Kalimantan Selatan,Kab Kotabaru,Kelumpang Utara,9500
Kalimantan Selatan,Kab Kotabaru,Pamukan Barat,9500
Kalimantan Selatan,Kab Kotabaru,Pamukan Selatan,9500
Kalimantan Selatan,Kab Kotabaru,Pamukan Utara,9500
Kalimantan Selatan,Kab Kotabaru,Pulau Laut Barat,9500
Kalimantan Selatan,Kab Kotabaru,Pulau Laut Kepulauan,9500
Kalimantan Selatan,Kab Kotabaru,Pulau Laut Selatan,9500
Kalimantan Selatan,Kab Kotabaru,Pulau Laut Tanjung Selaya,9500
Kalimantan Selatan,Kab Kotabaru,Pulau Laut Tengah,9500
Kalimantan Selatan,Kab Kotabaru,Pulau Laut Timur,9500
Kalimantan Selatan,Kab Kotabaru,Pulau Laut Utara,9500
Kalimantan Selatan,Kab Kotabaru,Pulau Sebuku,9500
Kalimantan Selatan,Kab Kotabaru,Pulau Sembilan-KBW,9500
Kalimantan Selatan,Kab Kotabaru,Sampanahan,9500
Kalimantan Selatan,Kab Kotabaru,Sungai Durian,9500
Kalimantan Selatan,Kab Tabalong,Banua Lawas,9500
Kalimantan Selatan,Kab Tabalong,Bintang Ara,9500
Kalimantan Selatan,Kab Tabalong,Haruai,9500
Kalimantan Selatan,Kab Tabalong,Jaro,9500
Kalimantan Selatan,Kab Tabalong,Kelua,9500
Kalimantan Selatan,Kab Tabalong,Muara Harus,9500
Kalimantan Selatan,Kab Tabalong,Muara Uya,9500
Kalimantan Selatan,Kab Tabalong,Murung Pudak,9500
Kalimantan Selatan,Kab Tabalong,Pugaan,9500
Kalimantan Selatan,Kab Tabalong,Tanjung-Tjg,9500
Kalimantan Selatan,Kab Tabalong,Tanta,9500
Kalimantan Selatan,Kab Tabalong,Upau,9500
Kalimantan Selatan,Kab Tanah Bumbu,Angsana-Bln,9500
Kalimantan Selatan,Kab Tanah Bumbu,Batulicin,9500
Kalimantan Selatan,Kab Tanah Bumbu,Karang Bintang,9500
Kalimantan Selatan,Kab Tanah Bumbu,Kuranji-Bln,9500
Kalimantan Selatan,Kab Tanah Bumbu,Kusan Hilir,9500
Kalimantan Selatan,Kab Tanah Bumbu,Kusan Hulu,9500
Kalimantan Selatan,Kab Tanah Bumbu,Mantewe,9500
Kalimantan Selatan,Kab Tanah Bumbu,Satui,9500
Kalimantan Selatan,Kab Tanah Bumbu,Simpang Empat-Bln,9500
Kalimantan Selatan,Kab Tanah Bumbu,Sungai Loban,9500
Kalimantan Selatan,Kab Tanah Laut,Bajuin,9500
Kalimantan Selatan,Kab Tanah Laut,Bati-Bati,9500
Kalimantan Selatan,Kab Tanah Laut,Batu Ampar-Plr,9500
Kalimantan Selatan,Kab Tanah Laut,Bumi Makmur,9500
Kalimantan Selatan,Kab Tanah Laut,Jorong,9500
Kalimantan Selatan,Kab Tanah Laut,Kintap,9500
Kalimantan Selatan,Kab Tanah Laut,Kurau,9500
Kalimantan Selatan,Kab Tanah Laut,Panyipatan,9500
Kalimantan Selatan,Kab Tanah Laut,Pelaihari,9500
Kalimantan Selatan,Kab Tanah Laut,Takisung,9500
Kalimantan Selatan,Kab Tanah Laut,Tambang Ulang,9500
Kalimantan Selatan,Kab Tapin,Bakarangan,9500
Kalimantan Selatan,Kab Tapin,Binuang-Rtu ,9500
Kalimantan Selatan,Kab Tapin,Bungur,9500
Kalimantan Selatan,Kab Tapin,Candi Laras Selatan,9500
Kalimantan Selatan,Kab Tapin,Candi Laras Utara,9500
Kalimantan Selatan,Kab Tapin,Hatungan,9500
Kalimantan Selatan,Kab Tapin,Lokpaikat,9500
Kalimantan Selatan,Kab Tapin,Piano,9500
Kalimantan Selatan,Kab Tapin,Salam Babaris,9500
Kalimantan Selatan,Kab Tapin,Tapin Selatan,9500
Kalimantan Selatan,Kab Tapin,Tapin Tengah,9500
Kalimantan Selatan,Kab Tapin,Tapin Utara,9500
Kalimantan Selatan,Kota Banjarbaru,Banjarbaru Selatan,9500
Kalimantan Selatan,Kota Banjarbaru,Banjarbaru Utara,9500
Kalimantan Selatan,Kota Banjarbaru,Cempaka-Bjb,9500
Kalimantan Selatan,Kota Banjarbaru,Landasan Ulin,9500
Kalimantan Selatan,Kota Banjarbaru,Liang Anggang,9500
Kalimantan Selatan,Kota Banjarmasin,Banjarmasin Barat,7500
Kalimantan Selatan,Kota Banjarmasin,Banjarmasin Selatan,7500
Kalimantan Selatan,Kota Banjarmasin,Banjarmasin Tengah,7500
Kalimantan Selatan,Kota Banjarmasin,Banjarmasin Timur,7500
Kalimantan Selatan,Kota Banjarmasin,Banjarmasin Utara,7500
Kalimantan Tengah,Kab Barito Selatan,Dusun Hilir,13000
Kalimantan Tengah,Kab Barito Selatan,Dusun Selatan,13000
Kalimantan Tengah,Kab Barito Selatan,Dusun Utara,13000
Kalimantan Tengah,Kab Barito Selatan,Gunung Bintang Awai,13000
Kalimantan Tengah,Kab Barito Selatan,Jenamas,13000
Kalimantan Tengah,Kab Barito Selatan,Kurau Kuala,13000
Kalimantan Tengah,Kab Barito Timur,Awang,13000
Kalimantan Tengah,Kab Barito Timur,Banua Lima,13000
Kalimantan Tengah,Kab Barito Timur,Dusun Tengah,13000
Kalimantan Tengah,Kab Barito Timur,Dusun Timur,13000
Kalimantan Tengah,Kab Barito Timur,Karuseng Janang,13000
Kalimantan Tengah,Kab Barito Timur,Paju Epat,13000
Kalimantan Tengah,Kab Barito Timur,Paku,13000
Kalimantan Tengah,Kab Barito Timur,Patangkape Tutui,13000
Kalimantan Tengah,Kab Barito Timur,Pematang Karau,13000
Kalimantan Tengah,Kab Barito Timur,Batuah Langka,13000
Kalimantan Tengah,Kab Barito Utara,Gunung Purei,13000
Kalimantan Tengah,Kab Barito Utara,Gunung Timang,13000
Kalimantan Tengah,Kab Barito Utara,Lahei,13000
Kalimantan Tengah,Kab Barito Utara,Lahei Barat,13000
Kalimantan Tengah,Kab Barito Utara,Montalat_Barito Utara,13000
Kalimantan Tengah,Kab Barito Utara,Teweh Baru,13000
Kalimantan Tengah,Kab Barito Utara,Teweh Selatan,13000
Kalimantan Tengah,Kab Barito Utara,Teweh Tengah,13000
Kalimantan Tengah,Kab Barito Utara,Teweh Timur,13000
Kalimantan Tengah,Kab Gunung Mas,Damang Batu,11000
Kalimantan Tengah,Kab Gunung Mas,Kahayan Hulu Utara,11000
Kalimantan Tengah,Kab Gunung Mas,Kurun,11000
Kalimantan Tengah,Kab Gunung Mas,Manuhing,11000
Kalimantan Tengah,Kab Gunung Mas,Manuhing Raya,11000
Kalimantan Tengah,Kab Gunung Mas,Mihing Raya,11000
Kalimantan Tengah,Kab Gunung Mas,Miri Manasa,11000
Kalimantan Tengah,Kab Gunung Mas,Rungan,11000
Kalimantan Tengah,Kab Gunung Mas,Rangan Barat,11000
Kalimantan Tengah,Kab Gunung Mas,Rungan Hulu,11000
Kalimantan Tengah,Kab Gunung Mas,Sepang,11000
Kalimantan Tengah,Kab Gunung Mas,Tewah,11000
Kalimantan Tengah,Kab Kapuas,Basarang,11000
Kalimantan Tengah,Kab Kapuas,Bataguh,11000
Kalimantan Tengah,Kab Kapuas,Dadahup,11000
Kalimantan Tengah,Kab Kapuas,Kapuas Barat,11000
Kalimantan Tengah,Kab Kapuas,Kapuas Hilir,11000
Kalimantan Tengah,Kab Kapuas,Kapuas Hulu,11000
Kalimantan Tengah,Kab Kapuas,Kapuas Kuala,11000
Kalimantan Tengah,Kab Kapuas,Kapuas Murung,11000
Kalimantan Tengah,Kab Kapuas,Kapuas Tengah,11000
Kalimantan Tengah,Kab Kapuas,Kapuas Timur,11000
Kalimantan Tengah,Kab Kapuas,Mandau Talawang,11000
Kalimantan Tengah,Kab Kapuas,Mantangai,11000
Kalimantan Tengah,Kab Kapuas,Pasak Talawang,11000
Kalimantan Tengah,Kab Kapuas,Pulau Petak,11000
Kalimantan Tengah,Kab Kapuas,Selat-Kks,11000
Kalimantan Tengah,Kab Kapuas,Tambah Catur,11000
Kalimantan Tengah,Kab Kapuas,Timpah,11000
Kalimantan Tengah,Kab Katingan,Bukit Raya-Ksg,11000
Kalimantan Tengah,Kab Katingan,Kamipang,11000
Kalimantan Tengah,Kab Katingan,Katangan Hilir,11000
Kalimantan Tengah,Kab Katingan,Katangan Hulu,11000
Kalimantan Tengah,Kab Katingan,Katingan Kuala,11000
Kalimantan Tengah,Kab Katingan,Katingan Tengah,11000
Kalimantan Tengah,Kab Katingan,Markit,11000
Kalimantan Tengah,Kab Katingan,Mendawai,11000
Kalimantan Tengah,Kab Katingan,Petak Malai,11000
Kalimantan Tengah,Kab Katingan,Pulau Malan,11000
Kalimantan Tengah,Kab Katingan,Sanaman Mantikei,11000
Kalimantan Tengah,Kab Katingan,Tasik Payawan,11000
Kalimantan Tengah,Kab Katingan,Tewang Sanggalang Garing,11000
Kalimantan Tengah,Kab Kotawaringin Barat,Arut Selatan,14000
Kalimantan Tengah,Kab Kotawaringin Barat,Arut Utara,14000
Kalimantan Tengah,Kab Kotawaringin Barat,Kotawaringin Lama,14000
Kalimantan Tengah,Kab Kotawaringin Barat,Kumai,14000
Kalimantan Tengah,Kab Kotawaringin Barat,Pangkalan Banteng,14000
Kalimantan Tengah,Kab Kotawaringin Barat,Pangkalan Lada,14000
Kalimantan Tengah,Kab Kotawaringin Timur,Antang Kalang,12000
Kalimantan Tengah,Kab Kotawaringin Timur,Baamang,12000
Kalimantan Tengah,Kab Kotawaringin Timur,Bukit Santuei,12000
Kalimantan Tengah,Kab Kotawaringin Timur,Cempaga,12000
Kalimantan Tengah,Kab Kotawaringin Timur,Cempaga Hulu,12000
Kalimantan Tengah,Kab Kotawaringin Timur,Kota Besi,12000
Kalimantan Tengah,Kab Kotawaringin Timur,Mentawa Baru,12000
Kalimantan Tengah,Kab Kotawaringin Timur,Mentaya Hilir Selatan,12000
Kalimantan Tengah,Kab Kotawaringin Timur,Mentaya Hilir Utara,12000
Kalimantan Tengah,Kab Kotawaringin Timur,Mentaya Hulu,12000
Kalimantan Tengah,Kab Kotawaringin Timur,Parenggean,12000
Kalimantan Tengah,Kab Kotawaringin Timur,Pulau Hanaut,12000
Kalimantan Tengah,Kab Kotawaringin Timur,Seranau,12000
Kalimantan Tengah,Kab Kotawaringin Timur,Telaga Antang,12000
Kalimantan Tengah,Kab Kotawaringin Timur,Telawang,12000
Kalimantan Tengah,Kab Kotawaringin Timur,Teluk Sampit,12000
Kalimantan Tengah,Kab Kotawaringin Timur,Tualan Hulu,12000
Kalimantan Tengah,Kab Lamandau,Batang Kawa,14000
Kalimantan Tengah,Kab Lamandau,Belantikan Raya,14000
Kalimantan Tengah,Kab Lamandau,Bulik,14000
Kalimantan Tengah,Kab Lamandau,Bulik Timur,14000
Kalimantan Tengah,Kab Lamandau,Delang,14000
Kalimantan Tengah,Kab Lamandau,Lamandau,14000
Kalimantan Tengah,Kab Lamandau,Metobhi Raya,14000
Kalimantan Tengah,Kab Lamandau,Sematu Jaya,14000
Kalimantan Tengah,Kab Murung Raya,Barito Tuhup Raya,13000
Kalimantan Tengah,Kab Murung Raya,Laung Tuhup,13000
Kalimantan Tengah,Kab Murung Raya,Murung,13000
Kalimantan Tengah,Kab Murung Raya,Permata Intan,13000
Kalimantan Tengah,Kab Murung Raya,Seribu Riam,13000
Kalimantan Tengah,Kab Murung Raya,Sumber Barito,13000
Kalimantan Tengah,Kab Murung Raya,Sungai Babuat,13000
Kalimantan Tengah,Kab Murung Raya,Tanah Siang,13000
Kalimantan Tengah,Kab Murung Raya,Tanah Siang Selatan,13000
Kalimantan Tengah,Kab Murung Raya,Uut Murung,13000
Kalimantan Tengah,Kab Pulang Pisau,Banama Tingang,11000
Kalimantan Tengah,Kab Pulang Pisau,Jabiren Raya,11000
Kalimantan Tengah,Kab Pulang Pisau,Kahayan Hilir,11000
Kalimantan Tengah,Kab Pulang Pisau,Kahayan Kuala,11000
Kalimantan Tengah,Kab Pulang Pisau,Kahayan Tengah,11000
Kalimantan Tengah,Kab Pulang Pisau,Maliku,11000
Kalimantan Tengah,Kab Pulang Pisau,Pandih Batu,11000
Kalimantan Tengah,Kab Pulang Pisau,Sebangau Kuala,11000
Kalimantan Tengah,Kab Seruyan,Batu Ampar-Kup,13000
Kalimantan Tengah,Kab Seruyan,Danau Seluluk,13000
Kalimantan Tengah,Kab Seruyan,Danau Sembuluh,13000
Kalimantan Tengah,Kab Seruyan,Hanau,13000
Kalimantan Tengah,Kab Seruyan,Seruyan Hilir,13000
Kalimantan Tengah,Kab Seruyan,Seruyan Hilir Timur,13000
Kalimantan Tengah,Kab Seruyan,Seruyan Hulu,13000
Kalimantan Tengah,Kab Seruyan,Seruyan Raya,13000
Kalimantan Tengah,Kab Seruyan,Seruyan Tengah,13000
Kalimantan Tengah,Kab Seruyan,Suling Tambun,13000
Kalimantan Tengah,Kab Sukarama,Balai Riam,14000
Kalimantan Tengah,Kab Sukarama,Jelai,14000
Kalimantan Tengah,Kab Sukarama,Pantai Lunci,14000
Kalimantan Tengah,Kab Sukarama,Permata Kecubung,14000
Kalimantan Tengah,Kab Sukarama,Sukamara,14000
Kalimantan Tengah,Kota Palangkaraya,Bukit Batu-Pky,10000
Kalimantan Tengah,Kota Palangkaraya,Jekan Raya,10000
Kalimantan Tengah,Kota Palangkaraya,Pahandut,10000
Kalimantan Tengah,Kota Palangkaraya,Rakumpit,10000
Kalimantan Tengah,Kota Palangkaraya,Sebangau,10000
Kalimantan Timur,Kab Berau,Batu Putih-Beu,18000
Kalimantan Timur,Kab Berau,Biatan,18000
Kalimantan Timur,Kab Berau,Biduk-Biduk,18000
Kalimantan Timur,Kab Berau,Derawan,18000
Kalimantan Timur,Kab Berau,Gunung Tabur,18000
Kalimantan Timur,Kab Berau,Kelay,18000
Kalimantan Timur,Kab Berau,Maratua,18000
Kalimantan Timur,Kab Berau,Sambaliung,18000
Kalimantan Timur,Kab Berau,Segah,18000
Kalimantan Timur,Kab Berau,Tabalar,18000
Kalimantan Timur,Kab Berau,Talisayan,18000
Kalimantan Timur,Kab Berau,Tanjung Redeb,18000
Kalimantan Timur,Kab Berau,Teluk Bayur,18000
Kalimantan Timur,Kab Kutai Barat,Barong Tongkok,10500
Kalimantan Timur,Kab Kutai Barat,Bentian Besar,10500
Kalimantan Timur,Kab Kutai Barat,Bongan,10500
Kalimantan Timur,Kab Kutai Barat,Damai,10500
Kalimantan Timur,Kab Kutai Barat,Jempang,10500
Kalimantan Timur,Kab Kutai Barat,Laham,10500
Kalimantan Timur,Kab Kutai Barat,Linggang Bigung,10500
Kalimantan Timur,Kab Kutai Barat,Apari Panjang,10500
Kalimantan Timur,Kab Kutai Barat,Long Bagun,10500
Kalimantan Timur,Kab Kutai Barat,Long Hubung,10500
Kalimantan Timur,Kab Kutai Barat,Long Iram,10500
Kalimantan Timur,Kab Kutai Barat,Long Pahangai,10500
Kalimantan Timur,Kab Kutai Barat,Manor Bulatin,10500
Kalimantan Timur,Kab Kutai Barat,Melak,10500
Kalimantan Timur,Kab Kutai Barat,Muara Lawa,10500
Kalimantan Timur,Kab Kutai Barat,Muara Pahu,10500
Kalimantan Timur,Kab Kutai Barat,Nyuatan,10500
Kalimantan Timur,Kab Kutai Barat,Sekolaq Darat,10500
Kalimantan Timur,Kab Kutai Barat,Siluq Ngurai,10500
Kalimantan Timur,Kab Kutai Barat,Tering,10500
Kalimantan Timur,Kab Kutai Kartanegara,Anggana,10500
Kalimantan Timur,Kab Kutai Kartanegara,Kembang Janggut,10500
Kalimantan Timur,Kab Kutai Kartanegara,Kenohan,10500
Kalimantan Timur,Kab Kutai Kartanegara,Kota Bangun,10500
Kalimantan Timur,Kab Kutai Kartanegara,Loa Janan-Twr,10500
Kalimantan Timur,Kab Kutai Kartanegara,Loa Kulu,10500
Kalimantan Timur,Kab Kutai Kartanegara,Marang Kayu,10500
Kalimantan Timur,Kab Kutai Kartanegara,Muara Badak,10500
Kalimantan Timur,Kab Kutai Kartanegara,Muara Jawa,10500
Kalimantan Timur,Kab Kutai Kartanegara,Muara Kaman,10500
Kalimantan Timur,Kab Kutai Kartanegara,Muara Wis,10500
Kalimantan Timur,Kab Kutai Kartanegara,Sanga-Sanga-Twr,10500
Kalimantan Timur,Kab Kutai Kartanegara,Sebulu,10500
Kalimantan Timur,Kab Kutai Kartanegara,Semboja,10500
Kalimantan Timur,Kab Kutai Kartanegara,Menara Tabang,10500
Kalimantan Timur,Kab Kutai Kartanegara,Tenggarong,10500
Kalimantan Timur,Kab Kutai Kartanegara,Tenggarong Seberang,10500
Kalimantan Timur,Kab Kutai Timur,Batu Ampar-Sgt,10000
Kalimantan Timur,Kab Kutai Timur,Bengalon,10000
Kalimantan Timur,Kab Kutai Timur,Busang,10000
Kalimantan Timur,Kab Kutai Timur,Kaliorang,10000
Kalimantan Timur,Kab Kutai Timur,Karangan-Sgt,10000
Kalimantan Timur,Kab Kutai Timur,Kaubun,10000
Kalimantan Timur,Kab Kutai Timur,Kongbeng,10000
Kalimantan Timur,Kab Kutai Timur,Long Mesangat,10000
Kalimantan Timur,Kab Kutai Timur,Muara Ancalong,10000
Kalimantan Timur,Kab Kutai Timur,Muara Bengkal,10000
Kalimantan Timur,Kab Kutai Timur,Muara Wahau,10000
Kalimantan Timur,Kab Kutai Timur,Rantau Pulung,10000
Kalimantan Timur,Kab Kutai Timur,Sandaran,10000
Kalimantan Timur,Kab Kutai Timur,Sangatta Selatan,10000
Kalimantan Timur,Kab Kutai Timur,Sangatta Utara,10000
Kalimantan Timur,Kab Kutai Timur,Sangkulirang,10000
Kalimantan Timur,Kab Kutai Timur,Telen,10000
Kalimantan Timur,Kab Kutai Timur,Teluk Pandan-Sgt,10000
Kalimantan Timur,Kab Paser,Batu Engau,9500
Kalimantan Timur,Kab Paser,Batu Sopang,9500
Kalimantan Timur,Kab Paser,Kuaro,9500
Kalimantan Timur,Kab Paser,Long Ikis,9500
Kalimantan Timur,Kab Paser,Long Kali,9500
Kalimantan Timur,Kab Paser,Muara Komam,9500
Kalimantan Timur,Kab Paser,Muara Samu,9500
Kalimantan Timur,Kab Paser,Pasir Belengkong,9500
Kalimantan Timur,Kab Paser,Tanah Grogot,9500
Kalimantan Timur,Kab Paser,Tanjung Harapan-Tnb,9500
Kalimantan Timur,Kab Penajam Paser Utara,Babulu,9500
Kalimantan Timur,Kab Penajam Paser Utara,Penajam,9500
Kalimantan Timur,Kab Penajam Paser Utara,Sepaku,9500
Kalimantan Timur,Kab Penajam Paser Utara,Waru-Pnj,9500
Kalimantan Timur,Kota Balikpapan,Balikpapan Barat,8500
Kalimantan Timur,Kota Balikpapan,Kota Balikpapan,8500
Kalimantan Timur,Kota Balikpapan,Balikpapan Selatan,8500
Kalimantan Timur,Kota Balikpapan,Balikpapan Tengah,8500
Kalimantan Timur,Kota Balikpapan,Balikpapan Timur,8500
Kalimantan Timur,Kota Balikpapan,Balikpapan Utara,8500
Kalimantan Timur,Kota Bontang,Bontang Barat,10000
Kalimantan Timur,Kota Bontang,Bontang Selatan,10000
Kalimantan Timur,Kota Bontang,Bontang Utara,10000
Kalimantan Timur,Kota Samarinda,Loa Janan-Sri,9500
Kalimantan Timur,Kota Samarinda,Palaran-Sri,9500
Kalimantan Timur,Kota Samarinda,Smarinda Ilir-Sri,9500
Kalimantan Timur,Kota Samarinda,Samarinda Kota-Sri,9500
Kalimantan Timur,Kota Samarinda,Samarinda Seberang-Sri,9500
Kalimantan Timur,Kota Samarinda,Samarinda Ulu-Sri,9500
Kalimantan Timur,Kota Samarinda,Samarinda Utara-Sri,9500
Kalimantan Timur,Kota Samarinda,Sambutan-Sri,9500
Kalimantan Timur,Kota Samarinda,Sungai Kunjang-Sri,9500
Kalimantan Timur,Kota Samarinda,Sungai Pinang-Sri,9500
Kalimantan Utara,Kab Bulungan,Peso,24000
Kalimantan Utara,Kab Bulungan,Peso Hilir,24000
Kalimantan Utara,Kab Bulungan,Pulau Bunyu,24000
Kalimantan Utara,Kab Bulungan,Sekatak,24000
Kalimantan Utara,Kab Bulungan,Tanjung Palas,24000
Kalimantan Utara,Kab Bulungan,Tanjung Palas Barat,24000
Kalimantan Utara,Kab Bulungan,Tanjung Palas Tengah,24000
Kalimantan Utara,Kab Bulungan,Tanjung Palas Timur,24000
Kalimantan Utara,Kab Bulungan,Tanjung Palas Utara,24000
Kalimantan Utara,Kab Bulungan,Tanjung Selor,24000
Kalimantan Utara,Kab Malinau,Bahau Hulu,24000
Kalimantan Utara,Kab Malinau,Kayan Hilir-Mwl,24000
Kalimantan Utara,Kab Malinau,Kayan Hulu-Mwl,24000
Kalimantan Utara,Kab Malinau,Kayan Selatan,24000
Kalimantan Utara,Kab Malinau,Malinau Barat,24000
Kalimantan Utara,Kab Malinau,Kota Malinau,24000
Kalimantan Utara,Kab Malinau,Malinau Selatan,24000
Kalimantan Utara,Kab Malinau,Malinau Selatan Hilir,24000
Kalimantan Utara,Kab Malinau,Malinau Selatan Hulu,24000
Kalimantan Utara,Kab Malinau,Malinau Utara,24000
Kalimantan Utara,Kab Malinau,Mentarang,24000
Kalimantan Utara,Kab Malinau,Mentarang Hulu,24000
Kalimantan Utara,Kab Malinau,Pujungan,24000
Kalimantan Utara,Kab Malinau,Sungai Boh,24000
Kalimantan Utara,Kab Malinau,Sungai Tubu,24000
Kalimantan Utara,Kab Nunukan,Kerayan,24000
Kalimantan Utara,Kab Nunukan,Krayan Barat,24000
Kalimantan Utara,Kab Nunukan,Krayan Selatan,24000
Kalimantan Utara,Kab Nunukan,Krayan Tengah,24000
Kalimantan Utara,Kab Nunukan,Krayan Timur,24000
Kalimantan Utara,Kab Nunukan,Lumbis,24000
Kalimantan Utara,Kab Nunukan,Lumbis Ogong,24000
Kalimantan Utara,Kab Nunukan,Nunukan,24000
Kalimantan Utara,Kab Nunukan,Nunukan Selatan,24000
Kalimantan Utara,Kab Nunukan,Sebatik,24000
Kalimantan Utara,Kab Nunukan,Sebatik Barat,24000
Kalimantan Utara,Kab Nunukan,Sebatik Tengah,24000
Kalimantan Utara,Kab Nunukan,Sebatik Timur,24000
Kalimantan Utara,Kab Nunukan,Sebatik Utara,24000
Kalimantan Utara,Kab Nunukan,Sebuku,24000
Kalimantan Utara,Kab Nunukan,Sei Menggaris,24000
Kalimantan Utara,Kab Nunukan,Sembakung,24000
Kalimantan Utara,Kab Nunukan,Sembakung Atulai,24000
Kalimantan Utara,Kab Nunukan,Tulin Onsoi,24000
Kalimantan Utara,Kab Tana Tidung,Betayu,24000
Kalimantan Utara,Kab Tana Tidung,Muruk Rian,24000
Kalimantan Utara,Kab Tana Tidung,Sesayap,24000
Kalimantan Utara,Kab Tana Tidung,Sesayap Hilir,24000
Kalimantan Utara,Kab Tana Tidung,Tana Lia,24000
Kalimantan Utara,Kota Tarakan,Tarakan Barat,23000
Kalimantan Utara,Kota Tarakan,Tarakan Tengah,23000
Kalimantan Utara,Kota Tarakan,Tarakan Timur,23000
Kalimantan Utara,Kota Tarakan,Tarakan Utara,23000
Kepulauan Bangka Belitung,Kab Bangka,Bakam,11000
Kepulauan Bangka Belitung,Kab Bangka,Belinyu,11000
Kepulauan Bangka Belitung,Kab Bangka,Mendo Barat,11000
Kepulauan Bangka Belitung,Kab Bangka,Merawang,11000
Kepulauan Bangka Belitung,Kab Bangka,Pemali,11000
Kepulauan Bangka Belitung,Kab Bangka,Puding Besar,11000
Kepulauan Bangka Belitung,Kab Bangka,Riau Silip,11000
Kepulauan Bangka Belitung,Kab Bangka,Sungai Liat,11000
Kepulauan Bangka Belitung,Kab Bangka Barat,Jebus,11000
Kepulauan Bangka Belitung,Kab Bangka Barat,Kelapa,11000
Kepulauan Bangka Belitung,Kab Bangka Barat,Muntok,11000
Kepulauan Bangka Belitung,Kab Bangka Barat,Paritiga,11000
Kepulauan Bangka Belitung,Kab Bangka Barat,Simpang Teritip,11000
Kepulauan Bangka Belitung,Kab Bangka Barat,Tempilang,11000
Kepulauan Bangka Belitung,Kab Bangka Selatan,Air Gegas,11000
Kepulauan Bangka Belitung,Kab Bangka Selatan,Kepulauan Pongok,11000
Kepulauan Bangka Belitung,Kab Bangka Selatan,Lepar Pongok,11000
Kepulauan Bangka Belitung,Kab Bangka Selatan,Payung-Tob,11000
Kepulauan Bangka Belitung,Kab Bangka Selatan,Pulau Besar,11000
Kepulauan Bangka Belitung,Kab Bangka Selatan,Simpang Rimba,11000
Kepulauan Bangka Belitung,Kab Bangka Selatan,Toboali,11000
Kepulauan Bangka Belitung,Kab Bangka Selatan,Tukak Sadai,11000
Kepulauan Bangka Belitung,Kab Bangka Tengah,Koba,11000
Kepulauan Bangka Belitung,Kab Bangka Tengah,Lubuk Besar,11000
Kepulauan Bangka Belitung,Kab Bangka Tengah,Namang,11000
Kepulauan Bangka Belitung,Kab Bangka Tengah,Pangkalan Baru,11000
Kepulauan Bangka Belitung,Kab Bangka Tengah,Simpang Katis,11000
Kepulauan Bangka Belitung,Kab Bangka Tengah,Sungai Selan,11000
Kepulauan Bangka Belitung,Kab Belitung,Badau-Tjq,12500
Kepulauan Bangka Belitung,Kab Belitung,Membalong,12500
Kepulauan Bangka Belitung,Kab Belitung,Selat Nasik,12500
Kepulauan Bangka Belitung,Kab Belitung,Sijuk,12500
Kepulauan Bangka Belitung,Kab Belitung,Tanjung Pandan,12500
Kepulauan Bangka Belitung,Kab Belitung Timur,Damar,12500
Kepulauan Bangka Belitung,Kab Belitung Timur,Dendang-Mag,12500
Kepulauan Bangka Belitung,Kab Belitung Timur,Gantung,12500
Kepulauan Bangka Belitung,Kab Belitung Timur,Kelapa Kampit,12500
Kepulauan Bangka Belitung,Kab Belitung Timur,Manggar,12500
Kepulauan Bangka Belitung,Kab Belitung Timur,Simpang Pesak,12500
Kepulauan Bangka Belitung,Kab Belitung Timur,Simpang Renggiang,12500
Kepulauan Bangka Belitung,Kota Pangkal Pinang,Bukit Intan,11000
Kepulauan Bangka Belitung,Kota Pangkal Pinang,Gabek,11000
Kepulauan Bangka Belitung,Kota Pangkal Pinang,Gerunggang,11000
Kepulauan Bangka Belitung,Kota Pangkal Pinang,Girimaya,11000
Kepulauan Bangka Belitung,Kota Pangkal Pinang,Pangkal Balam,11000
Kepulauan Bangka Belitung,Kota Pangkal Pinang,Rangkui,11000
Kepulauan Bangka Belitung,Kota Pangkal Pinang,Taman Sari-Pgk,11000
Kepulauan Riau,Kab Bintan,Bintan Pesisir,16000
Kepulauan Riau,Kab Bintan,Bintan Timur,16000
Kepulauan Riau,Kab Bintan,Bintan Utara,16000
Kepulauan Riau,Kab Bintan,Gunung Kijang,16000
Kepulauan Riau,Kab Bintan,Mantang,16000
Kepulauan Riau,Kab Bintan,Seri Sri Kuala Lobam,16000
Kepulauan Riau,Kab Bintan,Tambelan,16000
Kepulauan Riau,Kab Bintan,Teluk Bintan,16000
Kepulauan Riau,Kab Bintan,Teluk Sebong,16000
Kepulauan Riau,Kab Bintan,Toapaya,16000
Kepulauan Riau,Kab Karimun,Belat,31000
Kepulauan Riau,Kab Karimun,Buru,31000
Kepulauan Riau,Kab Karimun,Durai,31000
Kepulauan Riau,Kab Karimun,Karimun,31000
Kepulauan Riau,Kab Karimun,Kundur,31000
Kepulauan Riau,Kab Karimun,Kundur Barat,31000
Kepulauan Riau,Kab Karimun,Kundur Utara,31000
Kepulauan Riau,Kab Karimun,Meral,31000
Kepulauan Riau,Kab Karimun,Merat Barat,31000
Kepulauan Riau,Kab Karimun,Moro,31000
Kepulauan Riau,Kab Karimun,Tebing,31000
Kepulauan Riau,Kab Karimun,Ungar,31000
Kepulauan Riau,Kab Kepulauan Anambas,Jemaja,38000
Kepulauan Riau,Kab Kepulauan Anambas,Jemaja Barat ,38000
Kepulauan Riau,Kab Kepulauan Anambas,Jemaja Timur,38000
Kepulauan Riau,Kab Kepulauan Anambas,Palmatak,38000
Kepulauan Riau,Kab Kepulauan Anambas,Siantan Selatan,38000
Kepulauan Riau,Kab Kepulauan Anambas,Siantan Tengah,38000
Kepulauan Riau,Kab Kepulauan Anambas,Siantan Timur,38000
Kepulauan Riau,Kab Kepulauan Anambas,Siantan Utara ,38000
Kepulauan Riau,Kab Kepulauan Anambas,Siantan-Ana,38000
Kepulauan Riau,Kab Lingga,Bakung Serumpun,34000
Kepulauan Riau,Kab Lingga,Katang Bidare,34000
Kepulauan Riau,Kab Lingga,Kepulauan Posek,34000
Kepulauan Riau,Kab Lingga,Lingga,34000
Kepulauan Riau,Kab Lingga,Lingga Timur,34000
Kepulauan Riau,Kab Lingga,Lingga Utara,34000
Kepulauan Riau,Kab Lingga,Selayar,34000
Kepulauan Riau,Kab Lingga,Senayang,34000
Kepulauan Riau,Kab Lingga,Singkep,34000
Kepulauan Riau,Kab Lingga,Singkep Barat,34000
Kepulauan Riau,Kab Lingga,Singkep Pesisir,34000
Kepulauan Riau,Kab Lingga,Singkep Selatan,34000
Kepulauan Riau,Kab Natuna,Bunguran Barat,17000
Kepulauan Riau,Kab Natuna,Bunguran Batubi,17000
Kepulauan Riau,Kab Natuna,Bungaran Selatan,17000
Kepulauan Riau,Kab Natuna,Bungaran Tengah,17000
Kepulauan Riau,Kab Natuna,Bunguran Timur,17000
Kepulauan Riau,Kab Natuna,Bunguran Timur Laut,17000
Kepulauan Riau,Kab Natuna,Bungaran Utara,17000
Kepulauan Riau,Kab Natuna,Midau,17000
Kepulauan Riau,Kab Natuna,Pulau Laut,17000
Kepulauan Riau,Kab Natuna,Pulau Tiga Barat,17000
Kepulauan Riau,Kab Natuna,Pulau Tiga-Rai,17000
Kepulauan Riau,Kab Natuna,Serasan,17000
Kepulauan Riau,Kab Natuna,Serasan Timur,17000
Kepulauan Riau,Kab Natuna,Suak Midai,17000
Kepulauan Riau,Kab Natuna,Subi,17000
Kepulauan Riau,Kota Batam,Batam Kota,15500
Kepulauan Riau,Kota Batam,Batu Aji,15500
Kepulauan Riau,Kota Batam,Batu Ampar-Bth,15500
Kepulauan Riau,Kota Batam,Di belakang Padang,15500
Kepulauan Riau,Kota Batam,Bengkong,15500
Kepulauan Riau,Kota Batam,Bulang,15500
Kepulauan Riau,Kota Batam,Galang-Bth,15500
Kepulauan Riau,Kota Batam,Lubuk Baja,15500
Kepulauan Riau,Kota Batam,Nongsa,15500
Kepulauan Riau,Kota Batam,Sagulung,15500
Kepulauan Riau,Kota Batam,Sekupang,15500
Kepulauan Riau,Kota Batam,Sungai Beduk,15500
Kepulauan Riau,Kota Tanjung Pinang,Bukit Bestari,15000
Kepulauan Riau,Kota Tanjung Pinang,Tanjung Pinang Barat,15000
Kepulauan Riau,Kota Tanjung Pinang,Tanjung Pinang Kota,15000
Kepulauan Riau,Kota Tanjung Pinang,Tanjung Pinang Timur,15000
